Conference,Division,Name,Playoffs,SeasonType,Team,Season End,Game,Points,Corsi Close,Fenwick Close,SOG Close,G% Down 2,G For Down 2,G Agnst Down 2,G% Down 1,G For Down 1,G Agnst Down 1,G% Tied,G For Tied,G Agnst Tied,G% Up 1,G For Up 1,G Agnst Up 1,G% Up 2,G For Up 2,G Agnst Up 2,S% Down 2,S For Down 2,S Agnst Down 2,S% Down 1,S For Down 1,S Agnst Down 1,S% Tied,S For Tied,S Agnst Tied,S% Up 1,S For Up 1,S Agnst Up 1,S% Up 2,S For Up 2,S Agnst Up 2,M% Down 2,M For Down 2,M Agnst Down 2,M% Down 1,M For Down 1,M Agnst Down 1,M% Tied,M For Tied,M Agnst Tied,M% Up 1,M For Up 1,M Agnst Up 1,M% Up 2,M For Up 2,M Agnst Up 2,B% Down 2,B For Down 2,B Agnst Down 2,B% Down 1,B For Down 1,B Agnst Down 1,B% Tied,B For Tied,B Agnst Tied,B% Up 1,B For Up 1,B Agnst Up 1,B% Up 2,B For Up 2,B Agnst Up 2,Goal Differential Close,Fenwick Close Differential
1,3,10,1,0,0,2016,82,103,53.68,54.06,53.6,36.36,8,14,45.45,20,24,50.94,54,52,52.31,34,31,63.64,21,12,61.79,131,81,56.08,263,206,54.48,785,656,50.07,343,342,43.13,160,211,60.49,49,32,61.19,134,85,55.79,347,275,52.17,168,154,46.93,84,95,66.93,85,42,59.13,149,103,52.45,385,349,48.63,195,206,33.97,71,138,4,322
1,3,8,0,0,1,2016,82,78,45.65,45.07,45.33,42.5,17,23,38.46,20,32,51.85,56,52,43.86,25,32,52.38,11,10,53.49,199,173,51.47,315,297,44.69,568,703,40.46,244,359,43.06,90,119,61.08,124,79,53.05,139,123,44.04,255,324,37.22,118,199,35.09,40,74,63.39,116,67,55.06,196,160,45.38,295,355,43.02,154,204,40.68,48,70,-20,-366
0,0,4,0,0,2,2016,82,93,49.87,50.06,51.29,34.62,9,17,54.39,31,26,52.94,63,56,45.33,34,41,55.88,19,15,55.78,164,130,58.21,344,247,51.78,800,745,45.33,369,445,40,152,228,47.58,59,65,51.3,138,131,46.04,279,327,44.48,141,176,39.13,63,98,60.8,76,49,53.98,156,133,51.31,392,372,41.82,161,224,37.89,72,118,1,0
0,0,25,0,0,3,2016,82,81,47.02,46.92,48,42.42,14,19,43.75,28,36,45.38,54,65,43.18,19,25,65.52,19,10,55.08,195,159,49.06,443,460,49.39,727,745,42.57,235,317,41.92,109,151,46.26,68,79,46.03,174,204,45.97,285,335,39.47,90,138,42.11,40,55,57.65,98,72,51.19,215,205,47.49,340,376,41.22,115,164,36.89,45,77,-21,-245
0,2,13,0,0,4,2016,82,86,51.55,50.73,51.3,33.33,10,20,52.24,35,32,45.83,55,65,41.82,23,32,46.88,15,17,66.53,163,82,57.26,347,259,50.99,828,796,46.59,307,352,40.93,97,140,58.41,66,47,53.85,147,126,50.9,398,384,44.98,130,159,43.48,50,65,61.33,92,58,60.19,195,129,54.29,424,357,47.8,163,178,38.46,45,72,-28,81
0,2,2,0,0,5,2016,82,76,48.35,48.97,49.7,48.65,18,19,46.67,35,40,41.8,51,71,55.56,35,28,45.45,15,18,58.56,171,121,52.08,438,403,51.24,721,686,42.56,249,336,36,90,160,51.3,59,56,50.47,161,158,46.84,267,303,46.33,120,139,44.92,53,65,59.51,97,66,55.39,267,215,45.24,323,391,36.86,122,209,36.73,54,93,-22,-69
1,3,11,0,0,6,2016,82,77,47.98,48.47,50.37,44.44,16,20,38.24,26,42,50.41,61,60,44.44,32,40,57.58,19,14,49.19,151,156,57.3,412,307,48.3,598,640,47.03,340,383,41.76,114,159,57.14,88,66,53.47,154,134,41.67,225,315,41.24,120,171,41.04,55,79,61.94,96,59,52.27,230,210,44.69,328,406,44.67,197,244,32.79,60,123,-22,-101
1,1,1,1,0,7,2016,82,103,50.79,50.4,50.22,22.22,4,14,51.16,22,21,58.49,62,44,49.25,33,34,56.76,21,16,59.84,152,102,56.23,230,179,49.86,723,727,47.96,411,446,43.02,188,249,61.82,68,42,49.72,88,89,50.72,281,273,49.15,144,149,39.88,65,98,66.45,103,52,63.18,139,81,52.87,415,370,44.29,194,244,42.73,97,130,13,14
1,1,0,0,0,8,2016,82,82,44.31,45.4,46.51,53.85,21,18,38.33,23,37,49.55,55,56,43.64,24,31,54.55,18,15,54.78,172,142,48.77,316,332,49.39,647,663,39.4,290,446,38.46,145,232,48.95,70,73,44.76,128,158,45.38,221,266,37.16,123,208,37.82,59,97,54.76,92,76,47.6,159,175,43.56,301,390,32.37,135,282,27.18,56,150,-16,-348
1,1,28,1,0,9,2016,82,109,53.05,52.97,52.95,43.75,14,18,58.82,40,28,53.85,70,60,56.52,39,30,60,18,12,60.17,207,137,57.94,365,265,52.86,767,684,48.53,331,351,45.45,130,156,55.56,90,72,58.12,179,129,52.04,345,318,48.31,172,184,48.02,85,92,63.54,122,70,57.88,213,155,53.19,425,374,49.54,215,219,33.11,50,101,33,228
0,0,24,1,0,10,2016,82,93,51.65,50.26,49.88,44.74,17,21,38.89,21,33,53.72,65,56,52.54,31,28,38.46,10,16,53.99,149,127,53.2,341,300,50,773,773,46.65,334,382,42.27,93,127,61.24,79,50,56.02,135,106,50.08,305,304,49.83,148,149,45.68,37,44,67.88,93,44,67.04,179,88,57.44,363,269,46.36,159,184,40.95,43,62,-10,22
1,3,19,0,0,11,2016,82,70,48.65,48,48.52,52.5,21,19,43.42,33,43,44.72,55,68,41.82,23,32,47.62,10,11,58.43,208,148,52.86,416,371,47.6,733,807,44.42,215,269,38.5,87,139,52.2,83,76,55.71,205,163,45.38,280,337,39.69,77,117,37.14,39,66,58.69,125,88,57.49,261,193,48.67,420,443,43.75,112,144,39.53,51,78,-31,-138
0,0,20,1,0,12,2016,82,103,49.44,49.8,49.9,57.69,15,11,36.96,17,29,59.41,60,41,61.9,39,24,57.45,27,20,59.73,178,120,55.03,317,259,49.57,628,639,46.45,340,392,39.08,111,173,53.76,50,43,57.73,112,82,48.27,265,284,43.09,134,177,44.12,60,76,63.06,70,41,53.85,112,96,50.09,278,277,40.78,126,183,40.16,51,76,33,-37
1,3,16,1,0,13,2016,82,102,57.15,57.07,55.88,47.37,9,10,55.56,25,20,57.98,69,50,58.06,36,26,54.05,20,17,59.42,82,56,61.67,420,261,54.93,813,667,52.63,410,369,43.23,134,176,66.67,48,24,66.01,233,120,58.85,399,279,54.26,191,161,45.26,62,75,71.6,58,23,65.23,242,129,58.76,446,313,47.29,183,204,44.79,73,90,36,609
1,1,29,1,0,14,2016,82,87,48.17,48.79,49.65,54.29,19,16,51.85,28,26,49.57,57,58,50,26,26,50,14,14,56.55,177,136,55.36,372,300,48.72,685,721,45.79,299,354,43.12,119,157,47.75,53,58,48.23,150,161,46.77,297,338,44.84,139,171,38.98,46,72,60.98,100,64,55.99,201,158,46.7,347,396,37.91,160,262,26.53,39,108,4,-103
0,0,5,0,0,15,2016,82,82,51.3,50.97,51.24,41.18,14,20,49.18,30,31,43.9,54,69,54.55,30,25,65.63,21,11,59.62,158,107,54.86,440,362,51.36,699,662,46.81,323,367,44.18,110,139,53.77,57,49,53.19,150,132,46.9,242,274,56.06,162,127,46.55,54,62,62.57,107,64,58.45,256,182,51.04,392,376,46.8,161,183,45.95,68,80,-7,92
0,2,9,0,0,16,2016,82,84,46.38,47.35,46.94,43.75,14,18,37.74,20,33,45.26,43,52,48.84,21,22,70,14,6,53.49,138,120,52.37,364,331,47.44,620,687,37.66,180,298,31.95,77,164,59.29,67,46,50.94,136,131,49.24,258,266,45.86,83,98,37.5,48,80,54.21,58,49,48.72,171,180,42.93,267,355,35.85,76,136,27.69,36,94,-19,-170
1,1,22,1,0,17,2016,82,96,52.13,53.73,52.81,42.11,16,22,50,30,30,47.41,55,61,53.7,29,25,53.13,17,15,59.94,217,145,62.64,347,207,51.45,694,655,47.89,352,383,43.62,130,168,62.8,103,61,69.55,169,74,56.67,310,237,47.13,148,166,41.23,47,67,65.52,133,70,57.72,187,137,46.58,354,406,43.3,194,254,36.54,57,99,-6,298
0,2,14,1,0,18,2016,82,100,48.32,48.4,47.58,52.17,12,11,53.03,35,31,48.8,61,64,56.72,38,29,57.58,19,14,59.15,139,96,48.85,362,379,48.72,741,780,43.79,310,398,44.49,121,151,58.62,68,48,55.16,171,139,50.39,322,317,42.54,134,181,44.83,39,48,65.94,91,47,55.94,240,189,47.98,428,464,40.05,161,241,40.82,60,87,16,-154
0,2,23,1,0,19,2016,82,101,47.36,47.91,47.64,48.28,14,15,50,28,28,59.09,78,54,50,33,33,56.76,21,16,58.54,120,85,51.18,282,269,48.5,730,775,43.62,352,455,40,128,192,58.33,63,45,49.5,99,101,48.98,336,350,42.75,168,225,40.91,54,78,62.14,87,53,57.84,155,113,47.65,405,445,35.64,165,298,35.8,63,113,28,-208
0,0,26,0,0,20,2016,82,85,47.12,46.3,45.4,59.52,25,17,40.24,33,49,48.62,53,56,56.14,32,25,50,15,15,53.45,248,216,49.75,400,404,44.5,667,832,41.18,210,300,40,100,150,57.73,112,82,51.01,177,170,47.5,285,315,45.65,105,125,35.29,36,66,62.06,157,96,57.38,245,182,49.26,402,414,37.89,108,177,35.56,48,87,-4,-302
0,2,12,1,0,21,2016,82,96,50.69,50.69,49.16,41.67,10,14,60.71,34,22,50.89,57,55,48.44,31,33,44.44,12,15,52.34,179,163,50.95,348,335,49.44,790,808,46.57,299,343,36.29,94,165,55.73,73,58,60.47,179,117,52.91,345,307,49.43,129,132,45.19,47,57,62.77,118,70,60.84,261,168,50.76,466,452,38.81,144,227,34.23,51,98,5,48
0,2,21,1,0,22,2016,82,104,53.11,52.83,52.7,45.16,14,17,58.18,32,23,52.25,58,53,56.25,36,28,57.14,24,18,64.15,204,114,54.39,471,395,52.01,712,657,51.9,341,316,47.73,189,207,61.19,82,52,56.51,178,137,53.23,280,246,46.91,114,129,45.86,61,72,65.13,99,53,59.85,234,157,54.64,371,308,45.95,159,187,39.73,89,135,25,216
1,3,27,1,0,23,2016,82,98,52.29,53.48,52.97,53.33,16,14,47.62,30,33,50.82,62,60,54.24,32,27,60.71,17,11,60,174,116,57.85,361,263,53.13,731,645,48.49,354,376,42.86,135,180,64.49,69,38,56.27,166,129,55.59,323,258,53.44,163,142,45.14,65,79,60.94,117,75,54.23,218,184,49.68,385,390,43.34,179,234,31.03,63,140,12,285
1,1,3,1,0,24,2016,82,107,51,51.3,51.09,40,10,15,53.23,33,29,52.29,57,52,56.67,34,26,52.63,20,18,63.93,179,101,52.03,295,272,51.89,864,801,48.41,336,358,45.89,145,171,65.89,85,44,55.65,133,106,52.45,332,301,44.44,112,140,44.59,66,82,61.18,93,59,59.47,179,122,49.22,408,421,43.94,145,185,45.11,83,101,14,94
0,0,17,1,0,25,2016,82,97,51.73,51.18,50.91,40.91,9,13,43.48,20,26,59.5,72,49,45.95,34,40,63.89,23,13,63.33,114,66,55.38,355,286,52.03,731,674,45.43,368,442,42.41,109,148,60.22,56,37,52.41,152,138,52.71,331,297,48.62,158,167,44.17,53,67,65.04,80,43,60.46,185,121,55.82,398,315,43.72,174,224,40.48,51,75,17,91
0,0,18,0,0,26,2016,82,69,51.29,49.64,49.07,52.27,23,21,49.32,36,37,37.96,41,67,47.92,23,25,54.17,13,11,56.32,205,159,54.58,465,387,47.55,709,782,44.78,253,312,42.22,95,130,56.96,90,68,55.02,230,188,52.33,393,358,43.95,98,125,51.3,59,56,63.59,117,67,65.07,298,160,53,406,360,50.76,134,130,36.73,36,62,-25,-4
1,3,6,0,0,27,2016,82,75,47.1,46.65,46.86,28.57,10,25,52.46,32,29,45.53,56,67,42.86,24,32,31.58,6,13,54.03,161,137,49.73,367,371,47.53,740,817,42.21,287,393,42.17,105,144,55.3,73,59,52.48,148,134,44.96,281,344,42.02,108,149,38.68,41,65,73.81,93,33,58.05,220,159,46.33,328,380,42.27,145,198,38.1,40,65,-38,-277
1,1,15,0,0,28,2016,82,78,50.88,50.72,50.68,38.24,13,21,52.94,36,32,39.32,46,71,64,32,18,58.62,17,12,59.82,195,131,54.43,393,329,49.78,673,679,48.06,273,295,51.35,171,162,60.96,89,57,46.06,146,171,53.75,287,247,52.53,135,122,45.3,53,64,66.1,117,60,58.82,280,196,49.42,340,348,43.27,119,156,38.82,59,93,-10,64
0,2,7,1,0,29,2016,82,120,50.88,51.17,51.44,40,12,18,66.04,35,18,51.64,63,59,65.52,38,20,55.81,24,19,58.38,108,77,56.95,332,251,50.3,764,755,49.26,332,342,47.95,175,190,54.08,53,45,47.23,111,124,50.39,324,319,47.41,128,142,47.37,90,100,65.56,59,31,58.2,181,130,52.36,444,404,38.94,155,243,37.96,82,134,38,58
1,3,10,1,0,0,2016,60,74,54.16,54.33,53.81,41.18,7,10,50,15,15,56.41,44,34,52.08,25,23,64,16,9,61.44,94,59,59.63,195,132,55,555,454,51.33,251,238,43.85,132,169,61.54,32,20,59.12,94,65,56.95,258,195,51.3,118,112,48.98,72,75,65.38,51,27,55.19,85,69,52.27,276,252,48.39,150,160,33.92,58,113,16,275
1,3,8,0,0,1,2016,60,60,45.49,44.81,44.61,46.43,13,15,34.21,13,25,48.78,40,42,39.02,16,25,50,6,6,51.77,146,136,49.79,239,241,45.41,465,559,40.1,168,251,41.8,51,71,62.26,99,60,50.23,109,108,42.76,198,265,38.33,87,140,29.58,21,50,61.54,96,60,54.86,158,130,44.89,233,286,41.83,110,153,38.81,26,41,-25,-298
0,0,4,0,0,2,2016,60,70,49.93,50.27,51.62,40,8,12,53.33,24,21,51.69,46,43,45.1,23,28,60,15,10,59.35,127,87,57.39,264,196,50.68,600,584,45.29,269,325,35.54,86,156,50,46,46,50.75,101,98,45.56,205,245,43.86,100,128,42.24,49,67,63.54,61,35,53.98,122,104,52.2,296,271,43.68,121,156,36.43,47,82,2,-37
0,0,25,0,0,3,2016,60,55,46.59,46.4,47.39,39.13,9,14,44.68,21,26,45.65,42,50,48.57,17,18,70.83,17,7,52.21,130,119,47.7,301,330,49.87,570,573,38.64,148,235,42.58,89,120,46.6,48,55,45.63,115,137,48.16,235,253,40.74,66,96,43.21,35,46,57.27,63,47,50.9,142,137,46.1,260,304,40.3,81,120,39.18,38,59,-9,-189
0,2,13,0,0,4,2016,60,64,53.85,53.01,53.45,35.29,6,11,55.32,26,21,45.74,43,51,39.53,17,26,50,12,12,62.41,83,50,58.43,246,175,49.75,596,602,45.11,240,292,38.24,65,105,56.9,33,25,53.48,100,87,49.55,277,282,47.17,100,112,43.21,35,46,56.79,46,35,58.8,127,89,54.51,314,262,47.25,129,144,38.16,29,47,-17,9
0,2,2,0,0,5,2016,60,55,47.84,48.74,49.19,46.15,12,14,52.73,29,26,42.22,38,52,62.22,28,17,44,11,14,57.21,115,86,53.21,348,306,50.98,544,523,40,174,261,39.44,71,109,51.9,41,38,49.38,119,122,46.85,208,236,48.73,96,101,49.37,39,40,60.68,71,46,54.87,214,176,45.4,247,297,36.05,93,165,38.61,39,62,-5,-60
1,3,11,0,0,6,2016,60,56,47.71,48.44,49.98,50,12,12,35.56,16,29,48.78,40,42,49.02,25,26,60.71,17,11,51.48,122,115,58.22,294,211,48.05,395,427,44.91,238,292,41.45,97,137,56.56,69,53,52.71,107,96,39.08,145,226,42.25,90,123,40.71,46,67,61.34,73,46,52.38,165,150,46.79,233,265,47.15,149,167,34.18,54,104,-10,-106
1,1,1,1,0,7,2016,60,79,51.78,51.35,51,16.67,2,10,48.28,14,15,60.53,46,30,51.11,23,22,58.62,17,12,58.1,104,75,54.66,129,107,50,519,519,48.08,325,351,41.48,129,182,65.43,53,28,45.36,44,53,51.62,207,194,50.85,119,115,37.07,43,73,68.42,78,36,58.21,78,56,52.73,290,260,41.97,149,206,37.34,59,99,13,4
1,1,0,0,0,8,2016,60,64,43.13,44.52,45.47,44.44,12,15,43.48,20,26,50,43,43,43.9,18,23,43.48,10,13,55.22,111,90,50,220,220,48.82,497,521,37.28,214,360,37.31,125,210,49.45,45,46,46.96,85,96,44.29,163,205,33.46,90,179,37.5,54,90,56.6,60,46,47.93,116,126,44.28,236,297,33.02,107,217,26.22,43,121,-17,-312
1,1,28,1,0,9,2016,60,80,54.18,53.54,52.82,47.83,11,12,60.38,32,21,47.37,45,50,58.7,27,19,59.09,13,9,59.85,158,106,57.14,292,219,52.01,555,512,49.29,207,213,50.79,96,93,59.65,68,46,56.72,152,116,53.8,255,219,44.64,100,124,50.41,62,61,65.33,98,52,56.77,176,134,51.58,294,276,47.45,130,144,30.63,34,77,17,158
0,0,24,1,0,10,2016,60,69,50.82,49.45,48.96,46.67,14,16,42.5,17,23,52.17,48,44,54.76,23,19,40,8,12,55.45,112,90,54.46,275,230,50.91,588,567,47.43,231,256,43.89,79,101,62.37,58,35,57.07,105,79,51.3,237,225,54.84,102,84,41.67,25,35,65.35,66,35,67.26,150,73,58.79,271,190,46.96,108,122,36.78,32,55,-4,97
1,3,19,0,0,11,2016,60,50,48.95,48.14,48.67,44.44,12,15,43.75,21,27,48.28,42,45,47.62,20,22,38.89,7,11,57.32,141,105,54.83,312,257,47.31,510,568,44.78,180,222,37.68,78,129,51.82,57,53,56.02,149,117,45.7,202,240,40.65,63,92,35.16,32,59,61.59,93,58,58.7,199,140,47.74,285,312,43.69,90,116,40.68,48,70,-18,-80
0,0,20,1,0,12,2016,60,77,48.24,48.9,48.88,55,11,9,36.67,11,19,63.01,46,27,67.35,33,16,60,24,16,60.31,117,77,57.78,208,152,51.63,443,415,46.57,265,304,39.83,94,142,47.46,28,31,56.59,73,56,48.28,183,196,40.66,98,143,41.12,44,63,63.29,50,29,52.27,69,63,51.2,192,183,41.13,102,146,40.91,45,65,38,4
1,3,16,1,0,13,2016,60,76,57.13,56.78,55.44,42.86,6,8,54.55,18,15,59.55,53,36,59.18,29,20,50,15,15,57.43,58,43,61.87,318,196,55.5,585,469,53.03,280,248,45.08,110,134,64.44,29,16,64.12,168,94,59.84,301,202,52.96,134,119,47.79,54,59,72.31,47,18,66.08,189,97,58.7,334,235,45.17,117,142,44.78,60,74,27,458
1,1,29,1,0,14,2016,60,64,48.57,49.18,50.15,52.17,12,11,48.57,17,18,50.59,43,42,53.85,21,18,47.62,10,11,58.3,137,98,57.32,274,204,49.03,506,526,47.65,243,267,40.61,93,136,41.46,34,48,52.38,110,100,43.79,194,249,44.59,99,123,36.73,36,62,64.66,75,41,56.5,139,107,44.78,236,291,36.47,124,216,21.49,26,95,3,-43
0,0,5,0,0,15,2016,60,61,52.96,52.62,53.35,40,12,18,49.09,27,28,39.58,38,58,44.83,13,16,72.22,13,5,58.33,133,95,54.32,377,317,50.59,516,504,46.73,207,236,44.12,60,76,56.98,49,37,50.62,122,119,47.19,185,207,56.91,107,81,51.52,34,32,63.64,91,52,58.03,224,162,50.08,297,296,48.65,108,114,43.33,39,51,-22,50
0,2,9,0,0,16,2016,60,65,46.74,47.31,46.89,40.74,11,16,35.9,14,25,45.59,31,37,50,17,17,73.33,11,4,53.59,112,97,52.32,248,226,47.05,447,503,35.31,125,229,31.63,62,134,60,57,38,51.91,95,88,48.1,177,191,44.14,64,81,40,40,60,54.02,47,40,50.79,128,124,41.92,192,266,35.58,58,105,24.75,25,76,-15,-162
1,1,22,1,0,17,2016,60,67,52.68,54.18,53.42,45.16,14,17,46.67,21,24,45.45,40,48,55.56,20,16,56,14,11,59.54,181,123,62.59,251,150,51.41,493,466,48.61,279,295,46.09,106,124,60.45,81,53,70.11,129,55,56.02,214,168,45.42,109,131,45.12,37,45,63.98,103,58,57.42,147,109,46.21,238,277,45.81,153,181,35.83,43,77,-7,210
0,2,14,1,0,18,2016,60,73,49.59,49.51,49.55,52.94,9,8,54,27,23,48.96,47,49,50,24,24,56.52,13,10,58.03,112,81,47.28,252,281,47.74,549,601,43.04,198,262,44.09,82,104,57.89,55,40,57.2,135,101,49.9,241,242,45.59,93,111,43.86,25,32,66.38,77,39,53.42,164,143,48.55,334,354,37.66,87,144,35.35,35,64,6,-130
0,2,23,1,0,19,2016,60,74,48.46,48.95,48.86,53.85,14,12,46.81,22,25,54.55,54,45,44.44,20,25,45.83,11,13,57.51,111,82,51.73,224,209,47.53,529,584,43.62,260,336,39.6,80,122,60.78,62,40,50.98,78,75,51.03,273,262,42.39,131,178,43.37,36,47,60.74,82,53,59,118,82,46.12,297,347,36.94,133,227,33.9,40,78,1,-149
0,0,26,0,0,20,2016,60,62,46.18,45.09,44.55,60.53,23,15,35.94,23,41,47.5,38,42,51.43,18,17,55.56,10,8,54.11,217,184,50.07,335,334,45.22,464,562,42.37,136,185,37.59,50,83,60.74,99,64,49.82,142,143,46.81,191,217,50.36,70,69,28.33,17,43,63.21,134,78,57.59,201,148,48.84,273,286,40.98,75,108,31.33,26,57,-11,-172
0,2,12,1,0,21,2016,60,65,50.06,49.83,48.36,42.86,6,8,63.41,26,15,57.32,47,35,52.63,30,27,41.67,10,14,53.33,112,98,57.63,268,197,49.01,567,590,48.05,246,266,36.12,82,145,48.68,37,39,61.03,130,83,52.87,258,230,53.33,104,91,47.13,41,46,59.84,76,51,62.01,191,117,49.63,338,343,39.93,115,173,33.33,44,88,20,116
0,2,21,1,0,22,2016,60,70,52.46,52.37,52.09,52,13,12,52.27,23,21,54.22,45,38,59.18,29,20,66.67,22,11,67.24,156,76,54.86,384,316,52.88,523,466,54.48,243,203,51,153,147,67.74,63,30,62.06,157,96,54.64,212,176,50.3,84,83,43.43,43,56,65.77,73,38,61.34,192,121,55.03,279,228,47.35,116,129,40,64,96,30,263
1,3,27,1,0,23,2016,60,70,51.83,52.97,52.57,57.14,12,9,46.81,22,25,52.27,46,42,47.62,20,22,61.9,13,8,63.16,120,70,57.86,254,185,54.33,583,490,47.65,253,278,44.34,94,118,67.11,51,25,59.15,126,87,56.86,257,195,52.19,119,109,45.71,48,57,69.35,86,38,55.47,147,118,51.29,318,302,43.12,141,186,34.67,52,98,7,248
1,1,3,1,0,24,2016,60,77,50.16,50.59,50.55,38.89,7,11,51.28,20,19,50,40,40,58.7,27,19,56.67,17,13,66.16,131,67,49.12,195,202,51.77,629,586,45.82,219,259,46.77,123,140,71.28,67,27,51.22,84,80,51.83,241,224,45.2,80,97,45.38,59,71,67.35,66,32,56.74,122,93,50.9,312,301,39.81,84,127,46.15,78,91,9,0
0,0,17,1,0,25,2016,60,72,51.49,50.97,50.59,33.33,6,12,47.06,16,18,58.7,54,38,49.12,28,29,60,18,12,58.57,82,58,57.24,245,183,52.6,475,428,44.85,309,380,43.64,96,124,53.16,42,37,48.5,97,103,54.73,214,177,48.16,131,141,41.11,37,53,64.71,66,36,60.66,128,83,58.61,269,190,42.4,145,197,42.71,41,55,13,59
0,0,18,0,0,26,2016,60,52,51.21,49.75,49.31,47.06,16,18,48.08,25,27,39.51,32,49,48.72,19,20,57.14,12,9,56.12,156,122,53.32,337,295,48.55,518,549,46.63,187,214,45.39,64,77,56.3,67,52,54.92,162,133,52.34,280,255,44.38,79,99,49.32,36,37,67.38,95,46,68.22,234,109,54.43,301,252,55.28,110,89,40,26,39,-19,18
1,3,6,0,0,27,2016,60,60,46.81,47.42,47.71,18.52,5,22,52.08,25,23,45.65,42,50,38.46,15,24,12.5,1,7,52.51,115,104,49.91,272,273,46.85,551,625,38.39,200,321,36,54,96,52.43,54,49,50.24,104,103,41.96,201,278,40.4,80,118,37.25,19,32,73.53,75,27,57.6,163,120,48.04,257,278,45.06,114,139,43.75,28,36,-38,-310
1,1,15,0,0,28,2016,60,56,51.11,50.68,50.54,44,11,14,50,24,24,39.29,33,51,61.54,24,15,61.9,13,8,62.04,170,104,55.78,304,241,49.75,498,503,48.64,197,208,50.21,118,117,60.16,74,49,46.31,113,131,53.18,209,184,50.28,89,88,45.56,41,49,65.56,99,52,59.83,210,141,48.56,253,268,41.46,85,120,33.93,38,74,-7,55
0,2,7,1,0,29,2016,60,94,50.16,50.23,50.22,42.31,11,15,64.1,25,14,51.11,46,44,66.67,30,15,46.67,14,16,55.63,89,71,56.02,242,190,50,533,533,47.68,257,282,48.52,131,139,51.69,46,43,46.55,81,93,51.47,227,214,46.45,98,113,46.48,66,76,61.33,46,29,57.32,137,102,51.67,324,303,36.64,122,211,37.67,55,91,22,13
1,3,10,1,0,0,2016,40,41,54.29,53.81,53.57,45.45,5,6,61.11,11,7,59.26,32,22,57.89,22,16,61.9,13,8,62.34,48,29,60.89,123,79,53.41,360,314,47.71,156,171,42.79,92,123,58.06,18,13,62.24,61,37,55.63,168,134,46.26,68,79,49.04,51,53,75,27,9,54.88,45,37,52.02,193,178,43.75,91,117,31.45,39,85,24,122
1,3,8,0,0,1,2016,40,44,46.06,44.95,44.02,50,8,8,19.05,4,17,45.1,23,28,48,12,13,55.56,5,4,54.02,121,103,50.58,174,170,46.67,301,344,38.79,90,142,41.49,39,55,64.75,79,43,54.11,79,67,42.2,119,163,34.65,44,83,30.19,16,37,62.69,84,50,50.5,101,99,42.73,144,193,45.22,71,86,44,22,28,-18,-162
0,0,4,0,0,2,2016,40,47,50.07,51.33,52.51,35.71,5,9,50,14,14,61.02,36,23,41.67,15,21,68.75,11,5,57.63,102,75,58.94,155,108,49.59,364,370,44.9,207,254,36.23,50,88,48.68,37,39,50,59,59,43.77,130,167,43.68,76,98,43.94,29,37,65.75,48,25,58.21,78,56,55.11,178,145,42.52,91,123,39.19,29,45,9,-65
0,0,25,0,0,3,2016,40,34,46.77,46.73,48.65,38.89,7,11,50,14,14,46.43,26,30,50,11,11,66.67,12,6,48.57,51,54,49.86,181,182,49.93,374,375,42.4,120,163,43.93,76,97,46.81,22,25,46.39,77,89,48.09,164,177,43.08,56,74,43.08,28,37,52.94,27,24,51.38,93,88,47.72,178,195,44.52,69,86,43.04,34,45,-2,-88
0,2,13,0,0,4,2016,40,39,53.14,52.74,53.05,33.33,3,6,52.94,18,16,45.31,29,35,39.29,11,17,50,9,9,61.54,56,35,55.63,173,138,49.76,408,412,43.88,147,188,38.1,40,65,52.5,21,19,50,66,66,44.69,160,198,47.89,68,74,41.03,16,23,46.67,21,24,55.63,84,67,54.86,203,167,48.62,88,93,40.43,19,28,-13,-54
0,2,2,0,0,5,2016,40,33,47.64,48.8,50.26,50,9,9,55.88,19,15,43.1,25,33,61.29,19,12,58.82,10,7,56.8,71,54,52.93,244,217,49.79,351,354,40.46,106,156,36.5,50,87,48.98,24,25,45.57,72,86,49.65,140,142,51.56,66,62,47.37,27,30,58.43,52,37,55.3,146,118,46.56,176,202,40.74,66,96,31.94,23,49,6,-38
1,3,11,0,0,6,2016,40,40,47.57,48.77,50.04,43.75,7,9,37.93,11,18,45.45,25,30,40,14,21,65,13,7,52.67,79,71,59.78,220,148,46.7,248,283,45.58,170,203,45.39,69,83,51.43,36,34,55.33,83,67,39.68,100,152,38.24,52,84,38.81,26,41,65,39,21,57.08,121,91,44.71,148,183,45.89,106,125,36.56,34,59,-15,-64
1,1,1,1,0,7,2016,40,50,52.25,50.65,50.61,12.5,1,7,44.44,8,10,62.75,32,19,48.28,14,15,63.16,12,7,54.43,43,36,52.21,59,54,50.9,340,328,46.9,212,240,41.36,79,112,68.29,28,13,55.77,29,23,49.28,136,140,49.39,81,83,33.82,23,45,71.7,38,15,58.21,39,28,49.73,182,184,39.3,90,139,40.82,40,58,9,-11
1,1,0,0,0,8,2016,40,41,44.83,46.84,47.47,42.86,9,12,45.71,16,19,40,24,36,38.1,8,13,41.67,5,7,56,98,77,49.56,170,173,48.54,348,369,36.76,125,215,37.43,64,107,51.39,37,35,44.22,65,82,43.48,110,143,31.54,47,102,37.84,28,46,53.33,48,42,49.19,91,94,44.02,162,206,32.26,60,126,27.27,21,56,-25,-219
1,1,28,1,0,9,2016,40,60,53.54,53.19,53.03,42.86,6,8,67.65,23,11,44.93,31,38,58.62,17,12,41.67,5,7,62.94,90,53,57.47,200,148,52.77,400,358,47.01,118,133,49.64,69,70,63.51,47,27,57.59,110,81,54.84,187,154,42.03,58,80,54.55,48,40,63.95,55,31,57.14,128,96,51.4,221,209,46.06,76,89,28.17,20,51,6,119
0,0,24,1,0,10,2016,40,47,49.94,48.48,47.97,43.48,10,13,41.94,13,18,42.11,24,33,61.54,16,10,42.86,6,8,53.85,91,78,55.29,209,169,52.61,393,354,48.16,118,127,42.61,49,66,62.67,47,28,56.21,86,67,52.78,171,153,57.26,67,50,43.18,19,25,60.24,50,33,63.37,109,63,59.3,169,116,47.93,58,63,34.85,23,43,-13,124
1,3,19,0,0,11,2016,40,35,47.42,46.77,47.94,55,11,9,40.54,15,22,43.64,24,31,52.17,12,11,54.55,6,5,54.97,94,77,55.83,225,178,46.9,310,351,45.64,110,131,38.46,30,48,46.34,38,44,56.48,109,84,47.89,136,148,44.21,42,53,35,14,26,62.28,71,43,60.25,144,95,51.05,195,187,41.48,56,79,39.22,20,31,-10,-13
0,0,20,1,0,12,2016,40,52,48.89,48.97,48.45,47.06,8,9,37.5,9,15,55.32,26,21,61.29,19,12,67.86,19,9,57.14,88,66,57.84,166,121,51.54,285,268,48.32,158,169,42.21,65,89,47.73,21,23,57.27,63,47,47.95,117,127,43.8,60,77,46.43,26,30,57.89,33,24,52.21,59,54,51.32,117,111,41.54,54,76,42.67,32,43,15,40
1,3,16,1,0,13,2016,40,54,56.92,56.88,55.16,33.33,3,6,64,16,9,51.56,33,31,56.25,18,14,40,8,12,56.14,32,25,62.43,216,130,55.12,393,320,52.69,176,158,47.29,61,68,60.87,14,9,65.64,107,56,59.27,211,145,51.98,92,85,52.78,38,34,71.11,32,13,66.83,139,69,57.99,225,163,47.4,82,91,42.47,31,42,6,301
1,1,29,1,0,14,2016,40,50,48.64,48.87,49.33,47.06,8,9,39.13,9,14,51.72,30,28,40.74,11,16,50,6,6,61.88,112,69,55.69,186,148,49.77,322,325,43.01,123,163,35,49,91,44.44,28,35,52.53,83,75,48.91,135,141,36.51,46,80,28.57,20,50,69.23,63,28,54.44,98,82,45.17,159,193,37.1,69,117,18.82,16,69,-9,-37
0,0,5,0,0,15,2016,40,47,53.25,53.03,53.06,33.33,7,14,53.66,22,19,40.3,27,40,42.86,9,12,75,9,3,54.48,73,61,53.61,267,231,50.34,365,360,41.13,102,146,46.81,44,50,58.49,31,22,47.85,78,85,47.25,129,144,50,58,58,48.94,23,24,56.63,47,36,56.41,154,119,49.66,219,222,40.5,49,72,46.67,28,32,-14,-25
0,2,9,0,0,16,2016,40,45,47.53,48.24,48.06,27.78,5,13,32.14,9,19,48.94,23,24,37.5,9,15,100,8,0,52.05,76,70,53.11,145,128,47.05,295,332,35.92,102,182,30.77,32,72,60.56,43,28,50.93,55,53,52.02,129,119,44.88,57,70,37.04,20,34,51.52,34,32,52.55,72,65,39.3,123,190,35.25,49,90,28.07,16,41,-17,-101
1,1,22,1,0,17,2016,40,45,53.98,55.95,55.05,47.62,10,11,45.16,14,17,50,31,31,58.62,17,12,52.63,10,9,58.37,129,92,56.73,118,90,49.45,316,323,49.26,199,205,45.81,82,97,58.06,54,39,69.57,64,28,53.67,139,120,45,81,99,44.62,29,36,61.02,72,46,48.44,62,66,46.59,157,180,44.4,107,134,35.16,32,59,2,52
0,2,14,1,0,18,2016,40,49,48.8,48.46,48.7,50,5,5,61.11,22,14,52.86,37,33,45.16,14,17,69.23,9,4,68.48,63,29,47.06,176,198,47.99,383,415,43.73,129,166,47.47,47,52,60.53,23,15,57.69,90,66,51.34,172,163,45.83,55,65,39.29,11,17,64.91,37,20,53.39,126,110,46.82,228,259,34.9,52,97,27.27,15,40,14,-68
0,2,23,1,0,19,2016,40,48,48.29,48.34,47.94,50,7,7,50,13,13,60.29,41,27,44.12,15,19,47.06,8,9,59.04,49,34,54.86,158,130,47.47,375,415,42.56,186,251,40.4,61,90,64.29,27,15,53.4,55,48,48.4,181,193,40.89,92,133,44.44,28,35,64.18,43,24,63.04,87,51,43.92,195,249,35.46,89,162,37.04,30,51,9,-123
0,0,26,0,0,20,2016,40,44,45.47,44.45,43.61,65.22,15,8,37.21,16,27,50.91,28,27,51.85,14,13,53.33,8,7,50.66,116,113,51.94,201,186,45.41,302,363,41.7,108,151,39.8,39,59,62.65,52,31,51.41,91,86,50,133,133,50.85,60,58,31.58,12,26,60.78,62,40,58.29,116,83,48.25,179,192,41.56,64,90,33.33,23,46,-1,-82
0,2,12,1,0,21,2016,40,43,49.22,48.57,47.24,22.22,2,7,60.71,17,11,54,27,23,55,22,18,42.11,8,11,54.86,79,65,59.12,175,121,49.8,366,369,48.04,159,172,34.88,60,112,55.32,26,21,66.67,92,46,50.8,159,154,56.1,69,54,45.9,28,33,62.03,49,30,62.43,118,71,48.59,224,237,37.31,75,126,33.01,34,69,6,104
0,2,21,1,0,22,2016,40,43,51.12,50.63,51.28,47.06,8,9,57.69,15,11,63.16,36,21,58.54,24,17,65.52,19,10,72.18,96,37,53.76,200,172,52.8,339,303,56.62,201,154,55.6,129,103,73.47,36,13,66.67,88,44,50.19,129,128,52.38,66,60,44.16,34,43,70.83,51,21,63.47,106,61,56.01,191,150,50.77,99,96,45.31,58,70,34,162
1,3,27,1,0,23,2016,40,42,50.74,52.14,51.87,63.64,7,4,50,15,15,59.02,36,25,48.28,14,15,62.5,10,6,66.99,69,34,58.93,165,115,55.03,372,304,48.79,201,211,42.42,70,95,72.73,24,9,63.04,87,51,54.27,159,134,53.89,97,83,45.12,37,45,74.07,40,14,52.2,95,87,55.93,231,182,45.8,120,142,34.26,37,71,17,183
1,1,3,1,0,24,2016,40,50,52.33,52.45,52.81,42.86,6,8,60.87,14,9,51.85,28,26,65.63,21,11,56.52,13,10,69.57,64,28,43.8,106,136,51.3,394,374,47.19,151,169,46.77,87,99,79.55,35,9,55.14,59,48,50,146,146,43.09,53,70,47,47,53,76.92,40,12,54.4,68,57,48.19,186,200,42.65,58,78,42.73,47,63,18,-34
0,0,17,1,0,25,2016,40,42,51.36,50.99,50.89,23.08,3,10,52.17,12,11,60.66,37,24,53.66,22,19,54.55,12,10,65,39,21,58.26,127,91,51.79,318,296,45.92,231,272,40.85,67,97,53.85,21,18,52.69,49,44,53.39,134,117,48.99,97,101,41.94,26,36,66.67,32,16,64.42,67,37,61.09,190,121,41.81,97,135,41.38,24,34,12,35
0,0,18,0,0,26,2016,40,39,50.28,49.47,49.02,48.15,13,14,43.59,17,22,40,22,33,39.13,9,14,50,6,6,52.5,105,95,52.94,225,200,47.56,332,366,45.93,113,133,44,33,42,59.26,48,33,52,104,96,55.46,193,155,43.69,45,58,53.13,17,15,65.42,70,37,68.72,167,76,57.03,215,162,50.43,59,58,32.26,10,21,-22,4
1,3,6,0,0,27,2016,40,39,47.87,48.76,48.77,19.05,4,17,46.88,15,17,46.27,31,36,38.71,12,19,0,0,5,52.76,86,77,51.53,168,158,47.25,370,413,36.34,149,261,35.9,42,75,55.41,41,33,52.5,63,57,42.24,128,175,41.03,64,92,33.33,14,28,75.34,55,18,62.21,107,65,48.67,183,193,47.12,98,110,44.44,24,30,-32,-214
1,1,15,0,0,28,2016,40,40,50.59,50.51,48.89,47.37,9,10,54.55,18,15,40.63,26,38,50,13,13,54.55,6,5,59.88,97,65,56.85,224,170,49.22,347,358,50,133,133,46.88,45,51,62.86,44,26,42.93,79,105,54.09,152,129,47.37,54,60,40,14,21,65.12,56,30,56.15,146,114,48.92,182,190,48.51,65,69,27.5,11,29,-9,34
0,2,7,1,0,29,2016,40,63,50.18,50.36,50.4,40,8,12,64.52,20,11,45,27,33,62.5,15,9,55,11,9,57.04,77,58,54.66,170,141,50.43,409,402,55.28,136,110,48.62,53,56,47.06,32,36,46.72,57,65,52.38,165,150,47.78,43,47,40.38,21,31,62.71,37,22,53.76,93,80,53.21,257,226,38.32,64,103,42.62,26,35,7,65
1,3,10,1,0,0,2016,20,18,51.62,50.82,50,42.86,3,4,42.86,3,4,58.62,17,12,38.89,7,11,66.67,6,3,60.98,25,16,58.77,67,47,53.61,171,148,46.79,73,83,40,40,60,60,9,6,62.96,34,20,57.97,80,58,41.89,31,43,42.62,26,35,68.75,11,5,56.86,29,22,56.44,92,71,38.54,37,59,28.3,15,38,2,57
1,3,8,0,0,1,2016,20,21,46.94,46.38,45.51,0,0,5,0,0,3,47.62,10,11,62.5,10,6,60,3,2,49.09,54,56,51.28,60,57,47.67,164,180,43.61,58,75,34.78,24,45,65.31,32,17,54.17,26,22,43.42,66,86,31.88,22,47,24.24,8,25,52.17,24,22,40.63,26,38,46.03,87,102,44.94,40,49,45.71,16,19,-4,-71
0,0,4,0,0,2,2016,20,23,50.97,52.51,54.33,12.5,1,7,50,5,5,57.69,15,11,33.33,4,8,66.67,4,2,64.13,59,33,62.6,77,46,49.16,175,181,47.52,96,106,46.3,25,29,53.66,22,19,54.39,31,26,45.89,67,79,49.3,35,36,48.48,16,17,71.79,28,11,60,39,26,54.76,92,76,38.95,37,58,45.71,16,19,-4,7
0,0,25,0,0,3,2016,20,18,47.86,46.89,49.72,55.56,5,4,50,8,8,51.72,15,14,36.36,4,7,75,6,2,47.54,29,32,51.33,116,110,49.39,162,166,48.78,80,84,37.35,31,52,40.63,13,19,42.71,41,55,46.15,72,84,46.15,36,42,33.33,10,20,53.85,14,12,57.69,60,44,45.08,87,106,46.91,38,43,39.02,16,25,3,-34
0,2,13,0,0,4,2016,20,17,53.29,52.59,54.48,33.33,2,4,55,11,9,42.5,17,23,20,3,12,25,1,3,75,45,15,51.69,92,86,47.83,220,240,41.8,79,110,28,7,18,58.62,17,12,46.43,39,45,44.04,85,108,46.15,36,42,28.57,2,5,53.33,16,14,49.37,39,40,53.73,108,93,43.62,41,53,14.29,1,6,-17,-80
0,2,2,0,0,5,2016,20,14,48.37,48.58,50.24,55.56,5,4,52.63,10,9,36.67,11,19,64.29,9,5,75,6,2,60.34,35,23,54.86,158,130,50.95,161,155,39.73,29,44,39.68,25,38,47.06,16,18,40.4,40,59,49.22,63,65,50,15,15,53.85,14,12,53.33,24,21,56.88,91,69,46.55,81,93,46.15,18,21,31.43,11,24,2,-2
1,3,11,0,0,6,2016,20,15,47.95,49.59,50.41,14.29,1,6,62.5,10,6,43.75,14,18,33.33,5,10,70,7,3,50,30,30,58.96,102,71,49.65,142,144,45,63,77,43,43,57,51.85,14,13,61.67,37,23,36.76,50,86,35.38,23,42,40.48,17,25,71.43,15,6,61.39,62,39,43.6,75,97,46.15,42,49,38.6,22,35,-6,-26
1,1,1,1,0,7,2016,20,24,51.28,49.42,49.93,20,1,4,45.45,5,6,55.17,16,13,30.77,4,9,75,6,2,52,26,24,48.89,22,23,53.44,202,176,38.81,78,123,56.52,26,20,68.75,22,10,63.64,14,8,49.67,76,77,40,30,45,35.29,6,11,65.91,29,15,69.05,29,13,50.23,107,106,40,44,66,53.85,14,12,-2,-30
1,1,0,0,0,8,2016,20,15,45.14,47.18,47.44,41.67,5,7,50,10,10,41.94,13,18,35.71,5,9,50,4,4,50,31,31,50.65,78,76,51.64,205,192,39.26,64,99,42.86,42,56,51.52,17,16,52.46,32,29,48.53,66,70,25.81,16,46,48.84,21,22,55,22,18,55.21,53,43,46.04,93,109,39.36,37,57,26.67,12,33,-11,-51
1,1,28,1,0,9,2016,20,32,54.04,53.3,53.06,50,4,4,77.78,14,4,37.14,13,22,75,9,3,66.67,4,2,62.26,33,20,52.33,90,82,55.61,228,182,43.81,46,59,53.23,33,29,48.39,15,16,55.17,48,39,49.52,103,105,36.51,23,40,54.35,25,21,65.91,29,15,50.48,53,52,46.55,108,124,48.81,41,43,33.33,12,24,9,31
0,0,24,1,0,10,2016,20,22,46.99,45.69,45.71,53.33,8,7,25,4,12,37.5,9,15,72.73,8,3,40,4,6,48.7,56,59,59.31,121,83,51.18,152,145,49.31,71,73,40.96,34,49,57.45,27,20,49.37,39,40,52.03,64,59,61.97,44,27,48.28,14,15,55.36,31,25,61.96,57,35,65.45,72,38,44.87,35,43,33.33,16,32,-10,64
1,3,19,0,0,11,2016,20,15,47.49,46.38,47.08,60,6,4,37.5,6,10,50,15,15,50,7,7,60,3,2,57.14,52,39,57.79,89,65,47.13,164,184,42.42,70,95,33.33,14,28,35.56,16,29,54.79,40,33,46.67,70,80,43.28,29,38,11.11,2,16,61.4,35,22,57.69,60,44,49.49,98,100,39.18,38,59,35,7,13,-1,-33
0,0,20,1,0,12,2016,20,20,48.11,47.67,46.32,50,5,5,46.67,7,8,61.54,16,10,61.11,11,7,64.29,9,5,58.43,52,37,60.51,118,77,51.07,143,137,47.4,73,81,43.69,45,58,40.91,9,13,56.58,43,33,50,55,55,44.93,31,38,48.72,19,20,68.29,28,13,54.79,40,33,57.94,73,53,40.35,23,34,44.44,20,25,13,42
1,3,16,1,0,13,2016,20,24,56.49,56.3,54.28,42.86,3,4,71.43,10,4,50,16,16,60,12,8,50,7,7,53.85,14,12,66.19,92,47,57.19,187,140,51.22,84,80,50.54,47,46,81.82,9,2,70.27,52,22,61.31,103,65,53.06,52,46,56.6,30,23,73.91,17,6,70.59,60,25,58.08,97,70,40.2,41,61,48.33,29,31,9,170
1,1,29,1,0,14,2016,20,25,48.45,47.66,47.19,50,4,4,33.33,4,8,62.07,18,11,42.86,6,8,42.86,3,4,61.63,53,33,53.28,65,57,48.16,157,169,43.89,79,101,33.33,23,46,37.5,12,20,49.25,33,34,48.95,70,73,35.53,27,49,20.83,5,19,61.36,27,17,55.77,29,23,46.56,88,101,38.1,48,78,31.71,13,28,0,-52
0,0,5,0,0,15,2016,20,30,52.02,52.25,51.85,33.33,4,8,60,12,8,42.86,15,20,50,5,5,80,4,1,53.68,51,44,46.3,100,116,47.93,162,176,33.57,47,93,48,24,26,62.16,23,14,50.65,39,38,46.92,61,69,46.88,30,34,57.14,16,12,51.56,33,31,49.57,57,58,48.48,96,102,40.3,27,40,39.29,11,17,-2,-87
0,2,9,0,0,16,2016,20,23,48.03,49.24,48.96,41.67,5,7,30,6,14,37.5,9,15,50,4,4,100,5,0,47.76,32,35,55.91,71,56,45.11,143,174,32.97,30,61,32.81,21,43,61.11,22,14,49.25,33,34,54.62,65,54,44.19,19,24,37.93,11,18,63.64,14,8,53.85,42,36,33.33,48,96,31.11,14,31,30.56,11,25,-11,-42
1,1,22,1,0,17,2016,20,25,52.6,54.87,53.65,54.55,6,5,50,9,9,51.52,17,16,52.94,9,8,46.15,6,7,50.81,63,61,54.61,77,64,49.66,144,146,53.73,108,93,42.5,34,46,57.89,33,24,74.14,43,15,58.59,75,53,46.53,47,54,44,11,14,62.34,48,29,44.32,39,49,47.68,72,79,46.77,58,66,26.83,11,30,2,69
0,2,14,1,0,18,2016,20,23,49.14,48.93,49.54,50,4,4,57.14,12,9,45.71,16,19,56.25,9,7,50,3,3,71.43,45,18,41.28,90,128,44.36,185,232,39.17,47,73,44,11,14,60.87,14,9,52.04,51,47,52.06,101,93,46.43,26,30,27.27,3,8,63.16,24,14,51.06,72,69,45.42,114,137,24.14,14,44,33.33,8,16,2,-103
0,2,23,1,0,19,2016,20,32,48.33,48.75,48.97,37.5,3,5,46.15,6,7,54.55,18,15,41.18,7,10,41.67,5,7,51.16,22,21,50.44,57,56,45.58,170,203,42.16,86,118,37.61,41,68,66.67,14,7,60,27,18,44.38,75,94,46.28,56,65,45.45,20,24,67.65,23,11,64.71,44,24,42,84,116,36.59,45,78,37.04,20,34,-5,-83
0,0,26,0,0,20,2016,20,25,46.07,45.43,43.68,60,6,4,44.44,8,10,53.57,15,13,53.33,8,7,55.56,5,4,51.75,74,69,51.27,101,96,48.75,156,164,43.15,63,83,37.88,25,41,63.79,37,21,48.75,39,41,54.24,64,54,58.57,41,29,26.92,7,19,56.9,33,25,56.86,58,44,45.78,76,90,44.21,42,53,26.09,12,34,4,-3
0,2,12,1,0,21,2016,20,17,48.17,46.73,45.4,25,2,6,53.33,8,7,52,13,12,68.75,11,5,33.33,3,6,58.1,61,44,64.79,92,50,46.69,169,193,50,84,84,37.36,34,57,55.17,16,13,63.79,37,21,51.57,82,77,60,36,24,42.42,14,19,57.89,33,24,70.79,63,26,50.83,123,119,38.1,40,65,37.5,18,30,1,51
0,2,21,1,0,22,2016,20,24,48.54,48.37,50.46,50,3,3,66.67,8,4,64.52,20,11,50,9,9,81.25,13,3,77.97,46,13,57.55,80,59,53.35,175,153,56.83,104,79,59.6,59,40,83.33,20,4,64.58,31,17,45.59,62,74,50,30,30,55.56,20,16,75.76,25,8,62.5,40,24,55.87,119,94,52.68,59,53,37.7,23,38,23,70
1,3,27,1,0,23,2016,20,24,51.08,52.89,52.61,60,3,2,40,6,9,57.14,16,12,33.33,3,6,75,6,2,65.75,48,25,60.27,88,58,56.93,189,143,45.55,87,104,45.71,32,38,73.68,14,5,62.5,45,27,57.46,77,57,54.02,47,40,58.62,17,12,74.36,29,10,51.55,50,47,54.34,119,100,41.3,57,81,40.48,17,25,3,104
1,1,3,1,0,24,2016,20,27,52.99,54.09,53.96,55.56,5,4,50,6,6,57.69,15,11,64.71,11,6,66.67,8,4,75,27,9,47.24,77,86,55.31,203,164,54.46,55,46,50,61,61,81.82,18,4,61.11,44,28,57.02,65,49,38.1,16,26,51.67,31,29,70.59,12,5,62.65,52,31,54.02,94,80,42,21,29,43.75,28,36,14,61
0,0,17,1,0,25,2016,20,19,51.53,51.02,50.65,12.5,1,7,36.36,4,7,63.33,19,11,54.55,12,10,50,5,5,52.63,20,18,68.24,58,27,54.55,186,155,41.91,101,140,43.66,31,40,50,12,12,47.83,22,24,53.73,72,62,48.42,46,49,34.48,10,19,67.74,21,10,66,33,17,60.67,108,70,38.18,42,68,42.86,12,16,1,28
0,0,18,0,0,26,2016,20,18,48.96,48.92,48.33,38.46,5,8,28.57,4,10,50,13,13,40,6,9,50,5,5,56.86,58,44,51.59,81,76,48.66,163,172,41.76,71,99,47.69,31,34,55.26,21,17,53.57,45,39,54.64,100,83,45.45,35,42,53.85,14,12,72.55,37,14,71.43,70,28,57.29,110,82,42.86,33,44,37.04,10,17,-12,-16
1,3,6,0,0,27,2016,20,20,50.42,52.24,51.55,12.5,1,7,47.06,8,9,43.33,13,17,46.67,7,8,0,0,4,48.81,41,43,50,80,80,44.52,187,233,31.03,45,100,32.89,25,51,57.5,23,17,49.28,34,35,39.39,65,100,48,24,26,32.14,9,19,65.71,23,12,67.39,62,30,53.54,106,92,55.84,43,34,47.62,20,22,-16,-139
1,1,15,0,0,28,2016,20,20,50.91,50.8,50.32,57.14,4,3,70.59,12,5,42.11,16,22,50,8,8,40,2,3,58.73,37,26,56.83,104,79,47.04,199,224,52.34,67,61,50,24,24,60.71,17,11,42.05,37,51,55.76,92,73,48.89,22,23,43.48,10,13,60,18,12,55.64,74,59,46.15,102,119,45.45,25,30,29.17,7,17,1,10
0,2,7,1,0,29,2016,20,29,52.88,51.98,53.31,40,4,6,50,7,7,46.43,13,15,54.55,6,5,55.56,5,4,56.79,46,35,56.83,79,60,52.76,220,197,58.68,71,50,55.56,25,20,47.5,19,21,50,33,33,53.94,89,76,59.09,26,18,37.5,9,15,65,26,14,60.98,50,32,53.36,127,111,40.74,33,48,44.44,8,10,-2,84
1,3,10,1,0,0,2017,82,105,50.1,50.54,50.7,62.5,15,9,53.57,30,26,50,62,62,53.7,29,25,55.56,15,12,56.7,110,84,54.29,310,261,50.11,677,674,49.25,426,439,43.45,126,164,49.35,38,39,59.39,155,106,49.54,322,328,44.87,188,231,41.13,51,73,57.52,65,48,57.49,165,122,50.49,358,351,41.24,200,285,37.93,55,90,17,39
1,3,8,0,0,1,2017,82,70,45.12,44.73,45.48,34.88,15,28,44.16,34,43,48.25,55,59,36.73,18,31,32,8,17,45.14,195,237,48.84,399,418,45.05,655,799,41.48,219,309,35.97,109,194,45.23,109,132,46.88,173,196,42.52,290,392,38.77,88,139,37.5,51,85,62.68,131,78,53.75,215,185,44.43,319,399,39.83,94,142,34.9,52,97,-48,-429
0,0,4,1,0,2,2017,82,95,54.26,54.81,55.56,45.16,14,17,43.4,23,30,53.97,68,58,42.86,27,36,61.29,19,12,63.32,164,95,62.19,375,228,55.16,775,630,50.99,385,370,50.33,151,149,67.5,81,39,62.69,163,97,53.26,327,287,49.36,155,159,46.34,57,66,67.35,99,48,66.46,210,106,52.92,417,371,40.11,144,215,49.69,81,82,-2,409
0,0,25,0,0,3,2017,82,78,47.9,47.74,47.87,43.75,14,18,46.38,32,37,43.1,50,66,45.65,21,25,44.83,13,16,54.69,175,145,50.97,474,456,48.37,696,743,42.9,311,414,34.06,109,211,53.39,63,55,52.72,184,165,49.29,277,285,39.93,117,176,40.74,55,80,51.09,70,67,53.94,226,193,49.27,305,314,40.46,142,209,31.33,47,103,-32,-180
0,2,13,0,0,4,2017,82,87,50.8,49.77,49.93,42.86,12,16,56.34,40,31,44.68,63,78,40.3,27,40,40,10,15,62.79,162,96,57.66,369,271,47.99,788,854,47.69,372,408,47.09,97,109,56.64,64,49,58.36,171,122,50.63,364,355,42.19,154,211,40.86,38,55,54.48,79,66,63.16,216,126,53.59,448,388,46.87,202,229,46.3,50,58,-28,-3
0,2,2,1,0,5,2017,82,108,50.95,50.72,51.18,60,15,10,48,24,26,56.1,69,54,52.11,37,34,67.65,23,11,58.41,132,94,57.4,353,262,50.26,762,754,48.13,386,416,45.59,181,216,55.17,48,39,58.9,139,97,48.01,290,314,44.15,151,191,39.74,60,91,57.89,66,48,61.43,223,140,50.66,385,375,44.61,182,226,37.95,74,121,33,47
1,3,11,1,0,6,2017,82,94,49.86,49.81,50.49,42.86,12,16,53.23,33,29,46.85,52,59,54.72,29,24,68.75,22,10,56.92,148,112,52.5,326,295,51.69,626,585,46.19,291,339,45.49,121,145,60.4,61,40,53.26,147,129,48.17,250,269,42.75,115,154,41.73,53,74,64.89,85,46,56.97,188,142,51.31,371,352,40.58,140,205,40,48,72,10,-16
1,1,1,1,0,7,2017,82,109,50.68,50.31,49.37,62.5,15,9,56.9,33,25,63.16,84,49,49.37,39,40,52.94,18,16,61.32,130,82,57.26,414,309,48.16,759,817,45.28,422,510,37.45,97,162,53.75,43,37,61.13,173,110,49.91,273,274,45.3,164,198,43.02,37,49,63.64,84,48,59.6,208,141,52.29,457,417,45.44,239,287,41.13,58,83,50,-13
1,1,0,0,0,8,2017,82,48,48.05,47.35,46.96,40.82,20,29,38.96,30,47,37.29,44,74,42.22,19,26,38.89,7,11,53.05,270,239,48.41,503,536,46.46,577,665,44.97,201,246,36.84,56,96,54.55,96,80,55.77,227,180,48.25,248,266,43.17,79,104,46.34,38,44,62.25,155,94,57.93,314,228,46.99,281,317,39.23,82,127,41.86,36,50,-67,-162
1,1,28,0,0,9,2017,82,79,50.23,50.62,50.86,38.89,14,22,46.55,27,31,49.62,65,66,54.1,33,28,50,15,15,62.46,208,125,54.56,395,329,52.58,755,681,42.77,272,364,41.08,99,142,64.29,108,60,54.38,180,151,53.68,357,308,38.31,118,190,34.58,37,70,57.54,103,76,55.16,246,200,49.35,416,427,42.16,164,225,37.69,49,81,-8,54
0,0,24,0,0,10,2017,82,79,47.62,47.58,48.09,61.54,24,15,47.89,34,37,42.96,58,77,36.07,22,39,42.11,8,11,60.39,215,141,48.9,400,418,49.37,702,720,44.34,294,369,41.71,83,116,59.01,95,66,46.97,155,175,50.23,324,321,41.02,105,151,43.24,32,42,62.65,104,62,53.23,198,174,48.59,328,347,39.07,118,184,39.53,34,52,-33,-174
1,3,19,1,0,11,2017,82,103,50.42,51.6,51.57,54.55,12,10,56.16,41,32,46.46,59,68,55,33,27,58.33,21,15,61.83,149,92,55.73,418,332,50.38,724,713,49.74,381,385,36.76,100,172,61.17,63,40,59.06,176,122,51.56,297,279,44.64,129,160,46.48,66,76,65.67,88,46,55.15,225,183,47.48,367,406,38.29,152,245,35.36,64,117,14,134
0,0,20,0,0,12,2017,82,81,50.85,50.53,50.03,39.39,13,20,47.27,26,29,47.24,60,67,36.23,25,44,56,14,11,55.79,183,145,54.79,372,307,48.53,794,842,48.95,349,364,39.85,104,157,55.46,66,53,59.53,153,104,51.66,312,292,50.91,140,135,47.78,43,47,61.49,91,57,60.56,172,112,50.98,364,350,45.71,128,152,36.78,32,55,-33,76
1,3,16,0,0,13,2017,82,86,53.69,53.53,54.13,39.39,13,20,47.54,29,32,44.74,51,63,51.11,23,22,63.16,12,7,64.8,243,132,54.29,424,357,55.22,783,635,50.63,242,236,38.89,56,88,60.92,106,68,54.47,201,168,53.82,373,320,50.66,116,113,48.39,30,32,65.28,141,75,59.31,258,177,53,433,384,48.82,124,130,37.5,27,45,-16,310
1,1,29,1,0,14,2017,82,106,50.29,50.78,50.52,60,15,10,55.17,32,26,55.74,68,54,61.45,51,32,46.94,23,26,65.36,117,62,53.8,361,310,51.03,746,716,46.97,388,438,45.9,179,211,54.05,40,34,59.93,169,113,50.17,299,297,41.25,139,198,42.86,69,92,68.42,52,24,53.74,201,173,49.93,369,370,42.69,178,239,35.63,62,112,41,30
0,0,5,1,0,15,2017,82,103,51.67,51.58,50.89,47.37,9,10,51.02,25,24,56.35,71,55,49.21,31,32,76,19,6,58.23,138,99,50.58,390,381,53.05,817,723,46.22,306,356,49.32,145,149,55.14,59,48,58.39,174,124,52.16,314,288,48.62,123,130,58.46,76,54,63.7,86,49,60.86,241,155,52.64,468,421,41.4,166,235,46.31,69,80,28,122
0,2,9,0,0,16,2017,82,70,46.56,46.68,46.84,41.03,16,23,40.3,27,40,42.59,46,62,41.67,20,28,33.33,7,14,54.26,261,220,47.91,310,337,48.12,690,744,42.69,260,349,40.38,86,127,53.85,98,84,50.19,130,129,47.63,281,309,43.33,104,136,48.89,44,46,54.36,106,89,54.31,145,122,44.6,314,390,42,105,145,35.11,33,61,-51,-229
1,1,22,1,0,17,2017,82,94,50.37,50.11,50.56,50,17,17,45.45,30,36,48.33,58,62,57.63,34,25,61.29,19,12,62.59,169,101,56.18,441,344,49.59,726,738,46.38,333,385,46.47,125,144,64.46,78,43,55.12,183,149,47.88,305,332,45.15,135,164,50,69,69,69.23,108,48,60.79,231,149,50.55,370,362,42.96,171,227,47.71,73,80,6,11
0,2,14,0,0,18,2017,82,94,47.87,48.39,49.36,39.13,9,14,62.3,38,23,52,78,72,51.28,40,38,50,16,16,52.63,80,72,54.46,336,281,48.24,711,763,47.45,418,463,37.31,122,205,56,42,33,53.43,148,129,43.55,287,372,39.71,137,208,41.13,58,83,72.97,54,20,52.79,189,169,46.84,400,454,41.67,195,273,36.52,65,113,18,-179
0,2,23,1,0,19,2017,82,102,48.83,49.7,49.35,54.55,18,15,50,33,33,54.62,65,54,52.31,34,31,61.54,24,15,52.54,155,140,55.73,350,278,49.8,738,744,42.97,315,418,39.73,116,176,54.7,64,53,59.66,173,117,47.78,323,353,45.25,138,167,33.33,43,86,56.17,91,71,60,210,140,43.33,315,412,40.28,174,258,32.1,52,110,26,-40
0,0,26,1,0,20,2017,82,98,48.18,48.85,49.49,45.45,10,12,60.32,38,25,44.92,53,65,57.38,35,26,50,15,15,57.94,146,106,52.97,419,372,48.19,705,758,48.31,344,368,46.45,157,181,50.52,49,48,51.69,184,172,45.23,289,350,44.22,130,164,36.43,51,89,64.12,84,47,50.31,241,238,48.77,396,416,36.91,148,253,36.32,73,128,8,-113
0,2,12,0,0,21,2017,82,88,51.31,51.53,51.66,48.65,18,19,46.58,34,39,45.38,54,65,47.92,23,25,57.14,12,9,60.22,165,109,55.3,381,308,50.61,867,846,50.11,230,229,42.38,89,121,65.93,89,46,52.86,157,140,53.86,398,341,45.5,91,109,42.71,41,55,56.84,108,82,59.79,229,154,48.73,500,526,45.59,124,148,31.74,53,114,-16,151
0,2,21,1,0,22,2017,82,111,49.93,50.97,50.53,34.48,10,19,56.9,33,25,54.55,72,60,57.83,48,35,60.47,26,17,57.14,136,102,54.44,362,303,50.51,785,769,48.05,407,440,47.77,150,164,52.63,50,45,54.51,127,106,51.99,288,266,47.56,146,161,48.06,62,67,60.18,68,45,51.87,180,167,48.15,391,421,41.99,173,239,42.54,77,104,33,70
1,3,27,1,0,23,2017,82,99,52.06,52.52,52.43,51.72,15,14,52,26,24,56.78,67,51,50,36,36,59.26,16,11,59.26,112,77,57.37,358,266,52.28,677,618,48.28,337,361,46.65,223,255,66.67,74,37,55.14,161,131,53.13,331,292,48.98,168,175,48.72,114,120,61.07,80,51,57.69,225,165,49.71,426,431,47.38,208,231,36.39,111,194,24,189
1,1,3,1,0,24,2017,82,99,50.19,50.2,50.07,35.48,11,20,50.88,29,28,57.81,74,54,46.67,35,40,51.61,16,15,57.29,110,82,51.97,304,281,51.94,683,632,45.59,362,432,43.13,135,178,58.89,53,37,57.71,131,96,50.63,280,273,42.68,134,180,38.36,61,98,58.04,65,47,55,143,117,52.58,398,359,43.06,186,246,29.21,52,126,8,0
0,0,17,0,0,25,2017,82,94,51.65,51.29,50.63,42.42,14,19,47.76,32,35,46.36,51,59,53.19,25,22,74.19,23,8,54.95,183,150,51.56,314,295,51.59,778,730,46.52,227,261,38.08,107,174,61.78,97,60,57.88,169,123,52.5,346,313,49.46,92,94,43.81,46,59,57.49,96,71,59.71,163,110,52.38,385,350,46.25,111,129,41.86,54,75,2,110
0,0,18,1,0,26,2017,82,95,50.97,50.31,48.74,22.73,5,17,56,28,22,56.35,71,55,53.33,40,35,46,23,27,60.29,164,108,51.27,302,287,49.21,651,672,46.33,404,468,43.12,185,244,57.03,73,55,61.85,167,103,53.56,346,300,45.1,184,224,37.33,81,136,73.98,91,32,62.86,198,117,53.69,371,320,44.7,194,240,37.44,82,137,11,0
1,3,6,0,0,27,2017,82,69,48.28,46.95,47.17,48.78,20,21,40.51,32,47,39.17,47,73,40,16,24,61.9,13,8,55.24,253,205,51.67,525,491,46.32,654,758,39.91,186,280,31.46,56,122,48.5,97,103,54.4,204,171,46.08,247,289,41.2,89,127,41.79,28,39,59.7,157,106,59.28,297,204,52,351,324,37.33,81,136,36.05,31,55,-45,-211
1,1,15,0,0,28,2017,82,87,48.82,49.07,48.51,42.11,16,22,48.57,34,36,48,60,65,58.21,39,28,48.57,17,18,55.52,191,153,51.56,348,327,49.61,631,641,43.55,304,394,43.85,114,146,62.02,80,49,56.68,157,120,48.3,255,273,46.59,123,141,43.69,45,58,56.02,93,73,52.51,199,180,46.5,299,344,46.11,154,180,42.31,44,60,-3,-78
0,2,7,1,0,29,2017,82,118,52.18,51.74,51.58,44.44,8,10,55.88,19,15,64.86,72,39,61.64,45,28,53.85,28,24,58.02,94,68,55.42,220,177,51.72,693,647,49.73,455,460,45.1,198,241,53.49,46,40,54.14,98,83,54.64,312,259,42.39,181,246,44.25,77,97,69.41,59,26,57.78,130,95,57.04,397,299,46.12,220,257,49.04,102,106,56,87
1,3,10,1,0,0,2017,60,72,50.17,50.45,50.84,58.82,10,7,55,22,18,53.61,52,45,52.27,23,21,52.17,12,11,56.91,70,53,57.5,207,153,50.28,540,534,48.15,339,365,44.27,112,141,50,28,28,63.03,104,61,49.17,266,275,43.77,151,194,39.81,43,65,59.26,48,33,59.06,101,70,49.21,281,290,41.97,162,224,39.17,47,73,17,25
1,3,8,0,0,1,2017,60,49,45.78,44.87,45.53,31.25,10,22,43.86,25,32,45,36,44,44.12,15,19,42.11,8,11,47.03,166,187,47.29,279,311,45,450,550,43.47,153,199,33.62,78,154,44.71,93,115,48.12,128,138,43.27,212,278,38.16,58,94,44.9,44,54,63.74,116,66,50.67,152,148,45.29,226,273,34.67,52,98,34.38,33,63,-34,-290
0,0,4,1,0,2,2017,60,66,54.85,55.26,56.18,45.83,11,13,43.59,17,22,55.45,56,45,38.78,19,30,56,14,11,64.71,121,66,61.64,286,178,56.96,581,439,50.27,282,279,48.28,112,120,70,63,27,62.87,127,75,53.93,240,205,50.98,130,125,45.83,44,52,72.55,74,28,66.26,163,83,52.91,300,267,38.22,99,160,50,69,69,-4,345
0,0,25,0,0,3,2017,60,62,47.51,47.22,47.13,45.83,11,13,50,29,29,41.3,38,54,45.71,16,19,47.83,11,12,53.36,119,104,49.1,356,369,48.31,516,552,43.69,239,308,34.4,75,143,55.68,49,39,52.96,143,127,48.93,205,214,42.47,93,126,40.22,37,55,53.61,52,45,50.91,167,161,49.27,235,242,36.97,88,150,29.47,28,67,-22,-144
0,2,13,0,0,4,2017,60,60,51.39,50.23,50.88,38.89,7,11,58.18,32,23,45.45,50,60,43.4,23,30,43.75,7,9,59.77,104,70,56.35,284,220,47.63,573,630,46.02,266,312,48.7,75,79,54.12,46,39,59.45,129,88,51.37,263,249,40,114,171,41.33,31,44,50.94,54,52,60.96,153,98,53.66,330,285,43.12,141,186,43.04,34,45,-14,-41
0,2,2,1,0,5,2017,60,83,51.97,51.6,51.68,61.9,13,8,47.62,20,22,53.85,49,42,53.19,25,22,81.82,18,4,60.56,109,71,57.68,263,193,49.62,584,593,47.25,292,326,43.8,120,154,59.09,39,27,59.87,94,63,47.64,212,233,40.49,100,147,42.86,45,60,58.51,55,39,63.04,145,85,50.96,293,282,43.1,128,169,34.81,47,88,27,-10
1,3,11,1,0,6,2017,60,64,50.19,50.37,51.63,37.5,6,10,56.41,22,17,46.25,37,43,60.47,26,17,65.52,19,10,59.59,87,59,52.06,240,221,52.45,471,427,46.31,201,233,45,108,132,53.7,29,25,52.71,107,96,50,186,186,43.43,86,112,43.52,47,61,60,45,30,57.5,138,102,49.15,259,268,42.17,97,133,42.06,45,62,13,16
1,1,1,1,0,7,2017,60,79,50.82,49.74,48.82,62.5,10,6,52.27,23,21,61.17,63,40,48.53,33,35,50,13,13,62.42,93,56,57.7,266,195,49.01,619,644,45.69,329,391,38.82,66,104,52.73,29,26,62.71,111,66,47.82,208,227,45.79,125,148,50.85,30,29,56.04,51,40,57.94,124,90,51.95,373,345,45.58,191,228,38.1,40,65,27,-13
1,1,0,0,0,8,2017,60,37,47.34,47.11,47.1,43.24,16,21,37.29,22,37,36.36,32,56,35.29,12,22,36.36,4,7,51.78,189,176,48.33,377,403,45.38,388,467,47.08,153,172,37.61,44,73,50.82,62,60,55.84,177,140,47.75,180,197,41.8,51,71,47.06,32,36,64.24,106,59,58.6,242,171,47.82,208,227,43.08,56,74,43.55,27,35,-57,-124
1,1,28,0,0,9,2017,60,56,50.22,50.93,50.62,44.44,12,15,46.51,20,23,47.83,44,48,59.09,26,18,58.33,14,10,63.3,169,98,54.84,300,247,52.6,556,501,43.42,188,245,44.44,76,95,66.13,82,42,57.14,136,102,52.22,259,237,40.67,85,124,39.77,35,53,60.39,93,61,57.39,198,147,49.21,313,323,45.95,119,140,38.04,35,57,2,68
0,0,24,0,0,10,2017,60,58,47.55,47.2,47.6,63.64,21,12,49.15,29,30,39.81,41,62,30.77,12,27,41.67,5,7,60.42,200,131,50.68,337,328,48.89,484,506,42.97,211,280,46.84,37,42,60.53,92,60,49.82,137,138,51.75,236,220,39.38,76,117,48.65,18,19,62.42,98,59,51.47,158,149,49.69,239,242,39.5,94,144,46.15,12,14,-30,-108
1,3,19,1,0,11,2017,60,72,50.53,51.37,51.27,50,8,8,55.77,29,23,49.45,45,46,51.16,22,21,60,15,10,62.28,104,63,55.62,287,229,49.95,536,537,49.83,296,298,38.15,66,107,56.76,42,32,57.39,132,98,51.47,228,215,42.08,93,128,48.35,44,47,63.33,57,33,52.29,160,146,47.37,279,310,38.7,125,198,32,40,85,11,67
0,0,20,0,0,12,2017,60,66,51.07,50.72,49.63,34.48,10,19,46.67,21,24,45.36,44,53,34.09,15,29,50,7,7,52.99,133,118,54.29,285,240,49.37,629,645,47.08,226,254,38.55,69,110,51.04,49,47,56.15,105,82,50.21,235,233,48,84,91,48.39,30,32,58.47,69,49,59.9,124,83,48.88,261,273,46.33,82,95,32.65,16,33,-35,19
1,3,16,0,0,13,2017,60,62,53.9,54.11,54.72,48.15,13,14,46,23,27,39.02,32,50,51.61,16,15,64.29,9,5,66.01,200,103,54.2,342,289,54.83,579,477,49.68,157,159,38.78,38,60,58.28,88,63,55.12,167,136,54.99,281,230,49.31,71,73,54.05,20,17,67.25,115,56,58.79,204,143,54.36,324,272,47.74,74,81,40.82,20,29,-18,233
1,1,29,1,0,14,2017,60,86,49.27,50.07,49.55,57.89,11,8,53.33,24,21,56.67,51,39,62.69,42,25,46.51,20,23,65.84,106,55,52.82,262,234,51.73,522,487,46.26,272,316,48.05,148,160,55.88,38,30,55.96,108,85,51.18,217,207,40.15,108,161,44.8,56,69,68.66,46,21,49.62,130,132,50.19,262,260,42.63,133,179,35.92,51,91,32,-1
0,0,5,1,0,15,2017,60,72,51.43,51.17,50.19,47.06,8,9,47.5,19,21,52.75,48,43,46.34,19,22,73.68,14,5,59.53,128,87,51.24,350,333,53.7,580,500,51.2,213,203,50.99,103,99,51.58,49,46,59.85,164,110,54.35,225,189,48.48,80,85,62.79,54,32,64.8,81,44,60.11,214,142,53.47,308,268,41.43,104,147,46.08,47,55,8,192
0,2,9,0,0,16,2017,60,60,45.82,46.07,46.31,36.36,12,21,33.33,17,34,41.89,31,43,41.94,13,18,26.67,4,11,52.16,217,199,48.91,225,235,46.27,441,512,42.95,198,263,42.11,56,77,52.53,83,75,53.19,100,88,46.21,189,220,43.58,78,101,50,27,27,55.28,89,72,54.5,115,96,43,209,277,41.44,75,106,27.78,15,39,-50,-188
1,1,22,1,0,17,2017,60,67,50.69,50.53,51.28,53.85,14,12,48.21,27,29,48.31,43,46,56.52,26,20,50,11,11,61.68,132,82,56.32,343,266,50.66,537,523,46.59,260,298,46.67,77,88,59.52,50,34,56.47,144,111,49.16,235,243,43.78,102,131,47.47,47,52,66.96,77,38,60.67,182,118,51.04,271,260,41.85,131,182,49.49,49,50,3,49
0,2,14,0,0,18,2017,60,68,48.06,48.82,49.49,47.37,9,10,60,30,20,52.63,60,54,50,29,29,52.38,11,10,50.39,64,63,56.88,248,188,48.53,512,543,48.2,334,359,37.96,93,152,53.13,34,30,56.91,107,81,45.65,215,256,40,100,150,41.24,40,57,77.78,49,14,56.67,136,104,47.95,281,305,42.09,149,205,40.71,57,83,16,-61
0,2,23,1,0,19,2017,60,80,48.55,49.39,49.04,51.85,14,13,46.94,23,26,53.57,45,39,46.51,20,23,54.55,12,10,53.46,139,121,54.53,247,206,49.76,612,618,42.15,220,302,44.37,67,84,54.46,55,46,57.87,125,91,47.68,267,293,44.83,104,128,39.24,31,48,56.95,86,65,59.62,158,107,43.2,251,330,40.2,123,183,34.18,27,52,3,-63
0,0,26,1,0,20,2017,60,72,47.46,48.29,48.84,64.29,9,5,55.81,24,19,47.62,40,44,57.69,30,22,42.31,11,15,57.82,85,62,54.87,293,241,49.17,501,518,49.26,268,276,45.59,124,148,44.83,26,32,54.1,132,112,44.54,216,269,41.7,98,137,35.96,41,73,62.03,49,30,53.35,175,153,49.58,296,301,38.91,121,190,37.01,57,97,9,-45
0,2,12,0,0,21,2017,60,63,50.72,50.76,50.83,40.74,11,16,46,23,27,48.75,39,41,53.13,17,15,64.29,9,5,56.65,98,75,53.41,282,246,51.12,661,632,48.12,141,152,42.86,66,88,62.2,51,31,51.74,119,111,53.95,287,245,43.18,57,75,45.21,33,40,54.81,57,47,58.94,178,124,48.27,377,404,47.7,83,91,31.15,38,84,-5,86
0,2,21,1,0,22,2017,60,82,50.32,51.51,51.32,23.81,5,16,64.86,24,13,55.1,54,44,57.97,40,29,60.53,23,15,56.05,88,69,53.38,213,186,50.25,607,601,47.46,299,331,48.79,141,148,57.14,36,27,51.11,69,66,49.28,206,212,45.74,102,121,50.43,58,57,58.33,42,30,56.13,119,93,48.06,297,321,40.51,126,185,43.37,72,94,29,-21
1,3,27,1,0,23,2017,60,77,52.07,52.23,52.9,50,10,10,52.78,19,17,58.89,53,37,50,29,29,65,13,7,62.71,74,44,58.54,264,187,51.48,505,476,47,235,265,47.04,167,188,66.23,51,26,54.46,116,97,51.75,251,234,51.07,119,114,50.57,88,86,58.7,54,38,57.19,159,119,48.54,316,335,47.99,155,168,37.04,80,136,24,117
1,1,3,1,0,24,2017,60,67,50.37,50.78,50.34,39.13,9,14,48.78,20,21,60.42,58,38,45.76,27,32,52.17,12,11,57.04,81,61,50.68,224,218,49.95,483,484,45.98,269,316,42.55,117,158,52.54,31,28,57.23,95,71,49.02,201,209,43.53,101,131,38.06,51,83,54.12,46,39,56.92,111,84,52.73,290,260,44.21,145,183,28.48,43,108,10,-56
0,0,17,0,0,25,2017,60,62,51.8,51.84,51.78,40,10,15,48.94,23,24,47.67,41,45,44.44,16,20,76.19,16,5,52.45,107,97,52.38,231,210,51.46,635,599,45.38,162,195,37.24,73,123,59.57,56,38,54.87,124,102,54.94,306,251,48.59,69,73,47.22,34,38,59.81,64,43,60.28,129,85,53.68,321,277,46.15,84,98,38.04,35,57,-3,97
0,0,18,1,0,26,2017,60,68,51.43,50.96,50.12,27.78,5,13,57.5,23,17,53.33,48,42,54.9,28,23,40.63,13,19,59.53,128,87,51.91,217,201,49.15,520,538,45.81,257,304,40.41,118,174,54.84,51,42,63.73,130,74,52.82,281,251,46.67,126,144,37.18,58,98,74.76,77,26,61.76,126,78,54.42,308,258,42.96,116,154,39.87,61,92,3,19
1,3,6,0,0,27,2017,60,58,48.4,47.26,47.21,46.15,12,14,42.37,25,34,41.86,36,50,43.75,14,18,62.5,10,6,54.08,192,163,52.01,349,322,45.06,461,562,38.27,137,221,31.95,54,115,48.41,76,81,54.39,130,109,45.48,181,217,39.63,65,99,42.19,27,37,58.5,117,83,62.07,198,121,52.41,250,227,38.98,69,108,36.14,30,53,-25,-207
1,1,15,0,0,28,2017,60,57,48.28,48.24,47.56,30.43,7,16,56.52,26,20,51.61,48,45,57.89,33,24,48.39,15,16,51.53,101,95,53.02,263,233,50.98,492,473,43.75,245,315,44.07,104,132,60.56,43,28,56.16,114,89,48.45,188,200,46.6,96,110,47.56,39,43,52.38,44,40,55.98,145,114,45.83,220,260,43.38,118,154,43.01,40,53,8,-22
0,2,7,1,0,29,2017,60,89,51.86,51.24,50.88,58.33,7,5,61.54,16,10,63.86,53,30,59.26,32,22,63.16,24,14,55.93,66,52,57.57,175,129,50.97,501,482,50.24,316,313,45.21,151,183,51.61,32,30,55.07,76,62,54.83,227,187,43.15,126,166,43.07,59,78,65,39,21,56.15,105,82,56.53,290,223,45.17,145,176,47.09,81,91,51,82
1,3,10,1,0,0,2017,40,48,49.98,50.23,50.16,50,5,5,62.5,15,9,54.69,35,29,51.72,15,14,68.75,11,5,58.25,60,43,59.42,123,84,49.29,345,355,49.31,249,256,47.31,88,98,52,26,24,60.58,63,41,48.72,171,180,42.86,111,148,38.64,34,54,56.72,38,29,63.27,62,36,47.59,178,196,44.7,118,146,38.37,33,53,19,-2
1,3,8,0,0,1,2017,40,30,45.4,44.49,45.2,36.84,7,12,47.5,19,21,48.39,30,32,40.74,11,16,40,6,9,46.92,122,138,47.24,180,201,45.37,304,366,44.71,114,141,33.53,56,111,38.73,55,87,45.21,66,80,41.26,144,205,37.61,41,68,46.58,34,39,58.47,69,49,49.71,85,86,45.78,152,180,31.86,36,77,36.36,28,49,-17,-212
0,0,4,1,0,2,2017,40,44,54.27,54.39,55.59,36.36,4,7,46.15,12,14,57.14,40,30,38.89,14,22,61.9,13,8,60,42,28,58.17,153,110,58.12,401,289,48.43,185,197,48.62,88,93,73.08,19,7,61.32,65,41,54.34,169,142,51.79,101,94,45.57,36,43,65.22,30,16,60.28,85,56,53.9,214,183,36.09,61,108,48.6,52,55,2,201
0,0,25,0,0,3,2017,40,41,48.35,47.69,47.97,37.5,6,10,52.5,21,19,37.7,23,38,45.45,10,12,46.67,7,8,54.17,65,55,48.91,224,234,49.05,386,401,42.42,165,224,35.47,61,111,56.9,33,25,54.14,98,83,48.99,146,152,41.22,61,87,40.3,27,40,53.33,32,28,47.21,93,104,48.96,164,171,40.27,60,89,36,27,48,-20,-101
0,2,13,0,0,4,2017,40,43,51.57,50.2,50.95,30.77,4,9,55,22,18,41.1,30,43,39.29,11,17,62.5,5,3,53.45,62,54,54.83,176,145,48.35,424,453,45.85,138,163,49.51,51,52,55.56,35,28,62.16,92,56,51.66,187,175,40.12,67,100,36.96,17,29,46.03,29,34,62.76,91,54,53.68,226,195,43.75,77,99,52.08,25,23,-18,-8
0,2,2,1,0,5,2017,40,60,52.36,52.24,51.83,63.16,12,7,44.12,15,19,52.46,32,29,52,13,12,90,9,1,59.39,98,67,57.98,189,137,50.18,423,420,46.58,177,203,42.86,48,64,61.67,37,23,53.64,59,51,46.18,145,169,37.41,52,87,41.46,17,24,61.63,53,33,64.29,117,65,48.68,203,214,41.92,70,97,38.18,21,34,13,-22
1,3,11,1,0,6,2017,40,44,48.73,48.42,50.3,60,6,4,58.06,18,13,47.37,27,30,59.26,16,11,60,12,8,60.95,64,41,52.78,171,153,51.02,325,312,44.19,114,144,45.5,86,103,63.16,24,14,57.04,81,61,48.62,123,130,49.15,58,60,44.16,34,43,53.19,25,22,59.77,104,70,48.77,178,187,42.38,64,87,45,36,44,13,12
1,1,1,1,0,7,2017,40,51,49.92,48.5,46.79,54.55,6,5,44,11,14,69.7,46,20,53.57,30,26,47.83,11,12,64.04,57,32,61.11,165,105,51.57,395,371,46.35,254,294,38.85,61,96,48.28,14,15,66.99,69,34,47.06,120,135,46.67,98,112,53.85,28,24,58.7,27,19,51.69,61,57,50.57,222,217,47.04,151,170,37.08,33,56,27,50
1,1,0,0,0,8,2017,40,27,45.67,45.79,46.14,50,12,12,37.5,15,25,37.93,22,36,40,10,15,37.5,3,5,51.95,120,111,48.01,290,314,47.74,254,278,46.77,94,107,40,32,48,46.67,35,40,60.61,140,91,51.94,134,124,40.66,37,54,58.54,24,17,67.57,75,36,61.88,198,122,50.38,133,131,38.55,32,51,47.73,21,23,-31,-19
1,1,28,0,0,9,2017,40,40,50.23,51.15,50.9,44,11,14,41.94,13,18,42.86,27,36,58.33,14,10,61.11,11,7,63.59,138,79,56.52,221,170,51.8,316,294,41.26,111,158,42.4,53,72,63,63,37,55.17,96,78,51.62,143,134,37.3,47,79,39.29,22,34,58.33,77,55,58.8,147,103,50.27,187,185,44.57,78,97,34.72,25,47,-9,21
0,0,24,0,0,10,2017,40,39,47.74,47.67,48.67,68.42,13,6,50,17,17,42.65,29,39,24,6,19,50,4,4,56.18,100,78,48.24,219,235,48.49,306,325,44.16,170,215,47.27,26,29,60,51,34,49.49,98,100,53.08,155,137,39.57,55,84,56,14,11,65.52,57,30,52.58,112,101,49.67,150,152,38.29,67,108,45.45,10,12,-16,-93
1,3,19,1,0,11,2017,40,47,51.49,51.93,51.67,46.15,6,7,50,17,17,54.39,31,26,60,18,12,59.09,13,9,61.61,69,43,51.82,157,146,50.71,320,311,48.95,209,218,38.13,53,86,56.9,33,25,53.19,75,66,50.76,134,130,40.13,63,94,57.35,39,29,57.81,37,27,45.16,84,102,46.4,174,201,36.82,88,151,33.98,35,68,14,-7
0,0,20,0,0,12,2017,40,42,52.62,52.54,51.49,31.82,7,15,43.33,13,17,49.3,35,36,32.26,10,21,45.45,5,6,56.52,91,70,55.18,197,160,47.09,421,473,46.35,127,147,41.28,45,64,54.1,33,28,55.88,76,60,48.7,150,158,45.79,49,58,54.05,20,17,56.34,40,31,61.43,86,54,49.04,179,186,44.35,55,69,35.48,11,20,-25,-36
1,3,16,0,0,13,2017,40,44,53.54,53.67,54.19,50,9,9,51.52,17,16,36.36,20,35,50,10,10,75,6,2,68,136,64,54.94,239,196,55.02,400,327,49.44,89,91,36.62,26,45,56.57,56,43,52.94,117,104,54.62,201,167,48.53,33,35,48,12,13,66.39,79,40,57.56,137,101,54.17,221,187,50,42,42,42.86,12,16,-10,159
1,1,29,1,0,14,2017,40,57,49.78,50.14,48.95,62.5,10,6,45.16,14,17,51.67,31,29,58.14,25,18,42.86,12,16,68.5,87,40,55.15,198,161,54.15,372,315,46.35,165,191,47.22,102,114,57.89,33,24,57.25,79,59,48.75,137,144,46.21,67,78,45.12,37,45,70.37,38,16,51.01,101,97,49.56,168,171,47.13,82,92,42.35,36,49,6,70
0,0,5,1,0,15,2017,40,56,51.12,50.94,50.74,42.86,6,8,44.83,13,16,49.18,30,31,45.45,10,12,90,9,1,57.97,80,58,49.79,242,244,52.01,388,358,52.45,139,126,46.59,41,47,48.21,27,29,60.51,118,77,54.88,163,134,50.98,52,50,68.75,33,15,61.73,50,31,58.74,158,111,52.7,215,193,39.07,59,92,58.82,30,21,0,113
0,2,9,0,0,16,2017,40,39,46.36,46.48,46.98,47.06,8,9,37.14,13,22,43.14,22,29,38.89,7,11,18.18,2,9,55.67,167,133,50.69,146,142,45.95,318,374,46.56,142,163,42,42,58,51.72,60,56,60.16,77,51,46.36,140,162,45.1,46,56,52.78,19,17,56.36,62,48,59.5,72,49,44.86,157,193,41.38,48,68,21.43,9,33,-28,-79
1,1,22,1,0,17,2017,40,41,51.11,50.38,51.45,63.16,12,7,44.12,15,19,52.54,31,28,56.76,21,16,37.5,6,10,63.13,113,66,57.02,199,150,49.71,344,348,46.76,209,238,44.8,56,69,58.82,40,28,57.55,80,59,49.32,146,150,44.63,79,98,45.57,36,43,64,64,36,58.28,95,68,53.13,178,157,40.56,101,148,48.28,42,45,5,14
0,2,14,0,0,18,2017,40,40,46.59,47.65,48.29,46.67,7,8,58.82,20,14,52.7,39,35,47.22,17,19,60,6,4,49.54,54,55,61.76,168,104,49.07,342,355,47.07,209,235,38.13,53,86,53.57,30,26,59.09,78,54,41.83,128,178,38.65,63,100,50.75,34,33,75,39,13,58,87,63,48.33,174,186,45.74,102,121,45.65,42,50,9,-38
0,2,23,1,0,19,2017,40,53,49,50.24,50,42.86,6,8,50,16,16,56.9,33,25,48.39,15,16,46.67,7,8,54.29,76,64,57.95,175,127,48.49,418,444,42.39,167,227,42.74,50,67,55.38,36,29,62.76,91,54,47.04,183,206,41.67,70,98,40,22,33,56.1,46,36,60.34,105,69,43.05,161,213,41.78,89,124,37.29,22,37,4,-52
0,0,26,1,0,20,2017,40,48,47.11,48.06,48.12,62.5,5,3,56.67,17,13,45.45,25,30,58.62,17,12,53.33,8,7,62.92,56,33,53.03,201,178,48.43,369,393,52.44,183,166,51.18,87,83,40.54,15,22,52.76,86,77,45.24,157,190,43.79,67,86,40,24,36,40.54,15,22,51.33,116,110,50.23,214,212,39.8,80,121,40.51,32,47,7,-27
0,2,12,0,0,21,2017,40,45,50.05,50.14,50.35,42.11,8,11,33.33,10,20,51.02,25,24,58.82,10,7,77.78,7,2,55.3,73,59,49.56,168,171,53.87,459,393,54.04,87,74,47.5,38,42,61.82,34,21,49.66,72,73,56.09,198,155,44.44,32,40,39.13,18,28,50,42,42,58.71,118,83,48.64,250,264,53.4,55,48,31.43,22,48,-4,110
0,2,21,1,0,22,2017,40,57,50.93,51.89,51.41,18.18,2,9,63.64,14,8,55.56,35,28,58.7,27,19,54.17,13,11,56.25,45,35,52.92,127,113,50.55,414,405,45.6,197,235,44.64,100,124,60,21,14,49.43,43,44,50.16,153,152,44.58,74,92,46.99,39,44,60.87,28,18,53.13,68,60,48.18,199,214,38.67,87,138,44.09,56,71,16,-33
1,3,27,1,0,23,2017,40,50,52.49,52.72,54.11,43.75,7,9,53.85,14,12,55.93,33,26,51.35,19,18,58.33,7,5,67.09,53,26,57.26,201,150,50.53,336,329,45,135,165,50.45,113,111,60,30,20,56.6,90,69,52,169,156,57.89,77,56,53.98,61,52,60,36,24,53.67,117,101,49.33,221,227,49.76,103,104,40.15,53,79,10,83
1,1,3,1,0,24,2017,40,47,50.68,51.02,50.3,46.67,7,8,47.62,10,11,61.67,37,23,51.28,20,19,57.14,8,6,63.64,63,36,50.87,146,141,50.23,328,325,49.05,206,214,39.42,82,126,62.5,20,12,56.7,55,42,46.62,124,142,41.57,69,97,38.24,39,63,54.39,31,26,58.12,68,49,49.72,178,180,47.26,112,125,24.59,30,92,15,-33
0,0,17,0,0,25,2017,40,42,50.37,51.03,51.35,50,5,5,67.86,19,9,50,32,32,43.33,13,17,70.59,12,5,54.67,41,34,54.7,157,130,51.46,492,464,43.36,111,145,36.36,52,91,66.67,22,11,54.41,74,62,56.49,248,191,50,56,56,40.35,23,34,66.67,24,12,63.28,81,47,56.06,273,214,48.61,70,74,37.93,22,36,13,90
0,0,18,1,0,26,2017,40,46,51.7,51.39,50.56,7.69,1,12,62.96,17,10,48.48,32,34,57.14,20,15,47.06,8,9,58.82,80,56,51.05,146,140,45.28,312,377,46.72,178,203,36.99,64,109,56.67,34,26,65.38,85,45,52.59,203,183,44.89,79,97,42.53,37,50,71.01,49,20,58.62,85,60,53.96,218,186,43.11,72,95,44.3,35,44,-2,-42
1,3,6,0,0,27,2017,40,41,48.39,47.48,46.99,44.44,8,10,44.74,17,21,34.48,20,38,36.84,7,12,57.14,4,3,49.1,136,141,54.71,244,202,45.98,337,396,39.73,87,132,32.56,28,58,46.67,56,64,56.95,86,65,44.25,127,160,34.44,31,59,37.14,13,22,59.38,95,65,65.49,148,78,51.16,177,169,37.5,39,65,35.56,16,29,-28,-102
1,1,15,0,0,28,2017,40,39,47.91,47.83,46.91,38.89,7,11,60,21,14,44.93,31,38,61.76,21,13,44.44,8,10,51.68,77,72,53.77,214,184,50.08,297,296,44.2,164,207,40.15,55,82,58.33,28,20,53.99,88,75,49.8,126,127,46.26,68,79,50,24,24,53.13,34,30,53.92,110,94,44.81,138,170,44.33,86,108,39.66,23,35,2,-11
0,2,7,1,0,29,2017,40,57,52.3,51.58,51.4,50,5,5,43.75,7,9,68.63,35,16,57.14,24,18,55.56,15,12,59.26,64,44,62.5,100,60,50.23,326,323,50.71,213,207,44.49,105,131,48.08,25,27,54.29,38,32,53.82,155,133,43.09,81,107,33.33,32,64,67.27,37,18,48.45,47,50,55.85,191,151,49.04,102,106,45.6,57,68,26,51
1,3,10,1,0,0,2017,20,22,50.26,49.6,49.57,66.67,2,1,80,8,2,59.46,22,15,52.94,9,8,75,6,2,69.57,16,7,56.38,53,41,51.08,190,182,46.79,124,141,48.39,60,64,66.67,8,4,67.35,33,16,51.52,102,96,42.45,59,80,39.06,25,39,55.56,10,8,71.43,35,14,45.73,91,108,44.74,68,84,36.92,24,41,19,5
1,3,8,0,0,1,2017,20,18,46.13,45.09,46.61,42.86,3,4,47.06,8,9,51.61,16,15,38.46,5,8,16.67,1,5,45.86,72,85,45.58,98,117,44.57,164,204,47.14,66,74,35.29,24,44,44.29,31,39,40,34,51,42.7,79,106,40.3,27,40,40.91,9,13,57.14,36,27,41.43,29,41,38.18,63,102,35.94,23,41,55.17,16,13,-8,-124
0,0,4,1,0,2,2017,20,22,52.98,53.12,54.36,42.86,3,4,36.36,4,7,63.33,19,11,44.44,8,10,66.67,6,3,54.05,20,17,50.39,64,63,61.22,210,133,43.5,77,100,42.42,42,57,58.33,7,5,57.89,33,24,52.5,84,76,51.9,41,38,45.45,20,24,60,18,12,57.14,40,30,54.3,101,85,39.44,28,43,50.79,32,31,5,75
0,0,25,0,0,3,2017,20,19,49.2,48.2,49.42,0,0,5,44.44,8,10,34.48,10,19,42.86,6,8,50,4,4,56.92,37,28,53.47,108,94,50.81,189,183,43.24,112,147,46.77,29,33,73.08,19,7,48.39,30,32,49.01,74,77,47.78,43,47,40,8,12,60,18,12,42.17,35,48,50,88,88,44.93,31,38,39.13,9,14,-18,-24
0,2,13,0,0,4,2017,20,20,53.33,51.48,52.28,50,1,1,72.22,13,5,45.24,19,23,44.44,8,10,40,2,3,64.71,11,6,50.53,96,94,44.77,201,248,46.47,79,91,50,42,42,60,6,4,60.26,47,31,52.22,106,97,34.67,26,49,35,14,26,50,5,5,62.2,51,31,53.71,123,106,37.65,32,53,42.5,17,23,1,-55
0,2,2,1,0,5,2017,20,26,52.02,51.79,51.96,55.56,5,4,47.06,8,9,50,14,14,50,7,7,75,3,1,66.67,42,21,55.37,98,79,50.12,213,212,46.04,93,109,42.86,30,40,76,19,6,55.32,26,21,42.37,75,102,36.23,25,44,42.31,11,15,64.86,24,13,63.16,60,35,49.1,109,113,35.63,31,56,38.1,8,13,2,-37
1,3,11,1,0,6,2017,20,17,49.81,48.82,51.16,60,3,2,53.33,8,7,51.85,14,13,56.25,9,7,75,9,3,59.26,32,22,46.77,58,66,49.42,169,173,42.57,63,85,47.13,41,46,64,16,9,55.88,38,30,45.65,63,75,47.76,32,35,52.17,24,22,44.83,13,16,57.33,43,32,49.74,94,95,50,43,43,46.67,21,24,11,-41
1,1,1,1,0,7,2017,20,28,51.65,50.76,48.19,62.5,5,3,36.36,4,7,62.96,17,10,59.09,13,9,50,6,6,63.79,37,21,62.87,127,75,48.86,171,179,41.36,91,129,37.37,37,62,57.89,11,8,64.94,50,27,51.64,63,59,43.68,38,49,44,11,14,61.29,19,12,50,41,41,44.98,94,115,44.85,61,75,34.78,16,30,10,22
1,1,0,0,0,8,2017,20,19,48.13,48.83,47.67,53.85,7,6,39.13,9,14,38.71,12,19,35.71,5,9,0,0,3,56.16,82,64,48.67,128,135,47.98,119,129,44.95,49,60,41.94,13,18,38.46,15,24,56.86,58,44,54.2,71,60,39.58,19,29,50,7,7,67.53,52,25,58.94,89,62,54.42,80,67,42.5,17,23,45,9,11,-18,-13
1,1,28,0,0,9,2017,20,21,48.13,49.02,48.89,10,1,9,46.15,6,7,51.72,15,14,53.85,7,6,42.86,3,4,56.67,51,39,55.88,76,60,54.32,176,148,42.93,82,109,41.86,18,25,61.22,30,19,54.1,33,28,50,65,65,35.96,32,57,21.43,3,11,43.75,28,36,55.7,44,35,51.89,96,89,44.93,62,76,26.92,7,19,-8,-3
0,0,24,0,0,10,2017,20,19,45.97,45.6,46.21,60,6,4,40,6,9,47.06,16,18,25,4,12,33.33,1,2,49.09,54,56,48.7,94,99,49.69,161,163,46.27,93,108,54.84,17,14,64,32,18,51.85,42,39,52.63,80,72,36.99,27,46,20,2,8,68.09,32,15,51.81,43,40,48.77,79,83,36.56,34,59,50,6,6,-12,-30
1,3,19,1,0,11,2017,20,23,51.75,52.49,52.25,66.67,4,2,47.37,9,10,62.07,18,11,52.94,9,8,50,6,6,53.33,24,21,54.36,81,68,52.06,139,128,50.74,138,134,41.67,40,56,47.83,11,12,56.72,38,29,53.57,60,52,43.14,44,58,55.32,26,21,53.33,8,7,51.92,54,50,49.02,75,78,35.71,55,99,33.33,26,52,9,31
0,0,20,0,0,12,2017,20,21,52.78,52.59,50.89,14.29,2,12,46.67,7,8,36.36,12,21,33.33,3,6,100,3,0,55.42,46,37,61.98,119,73,47.66,224,246,45.05,41,50,49.02,25,26,52.63,20,18,56.58,43,33,44.51,73,91,44.83,13,16,52.94,9,8,53.33,24,21,55.71,39,31,48.55,84,89,46.88,15,17,28.57,2,5,-20,4
1,3,16,0,0,13,2017,20,21,53.04,52.95,54.73,37.5,3,5,52.94,9,8,29.63,8,19,50,5,5,50,1,1,68.33,82,38,52.49,95,86,54.36,218,183,45.78,38,45,37.21,16,27,55.56,35,28,55.56,50,40,52.83,112,100,39.47,15,23,33.33,3,6,66.25,53,27,52.59,61,55,56.81,121,92,56.41,22,17,38.46,5,8,-12,51
1,1,29,1,0,14,2017,20,24,51.71,51.95,50.86,54.55,6,5,33.33,6,12,53.13,17,15,55.56,10,8,14.29,1,6,74.74,71,24,56.42,101,78,56.38,168,130,48.45,78,83,60.76,48,31,58.54,24,17,55.56,40,32,54.24,64,54,48.44,31,33,66.67,20,10,72.97,27,10,55.88,57,45,56.38,84,65,51.85,42,39,39.29,11,17,-6,72
0,0,5,1,0,15,2017,20,30,48.92,48.39,47.64,62.5,5,3,43.75,7,9,58.62,17,12,58.33,7,5,100,8,0,59.38,38,26,51.03,148,142,54.39,192,161,53.99,88,75,47.54,29,32,47.83,11,12,58.93,66,46,47.1,73,82,49.15,29,30,64,16,9,58.06,18,13,54.61,77,64,51.28,100,95,39.76,33,50,63.16,24,14,15,60
0,2,9,0,0,16,2017,20,24,48.34,48.83,49.04,50,4,4,37.5,9,15,33.33,9,18,40,2,3,33.33,1,2,55.5,106,85,50.88,87,84,46.95,177,200,41.67,30,42,33.33,1,2,52.56,41,37,57.75,41,30,46.95,77,87,53.57,15,13,50,1,1,57.75,41,30,61.54,40,25,46.59,82,94,55.56,10,8,100,2,0,-17,-29
1,1,22,1,0,17,2017,20,23,47.77,47.18,47.52,81.82,9,2,35.29,6,11,53.85,14,12,61.54,8,5,62.5,5,3,61.22,60,38,55.63,79,63,45.62,177,211,49.17,89,92,51.52,34,32,58.14,25,18,56.34,40,31,47.59,89,98,47.06,32,36,58.14,25,18,61.02,36,23,60.49,49,32,52.22,94,86,43,43,57,57.41,31,23,9,-25
0,2,14,0,0,18,2017,20,16,44.78,45.43,47.49,37.5,3,5,43.75,7,9,59.38,19,13,35,7,13,75,3,1,49.28,34,35,62.89,61,36,43.73,164,211,48.53,99,105,31.48,17,37,61.29,19,12,55.26,21,17,42.68,70,94,30.38,24,55,51.85,14,13,79.41,27,7,66.04,35,18,46.97,93,105,45.28,48,58,41.67,10,14,-2,-79
0,2,23,1,0,19,2017,20,29,51.42,52.86,51.81,20,1,4,52.94,9,8,46.43,13,15,50,6,6,62.5,5,3,43.9,36,46,61.21,71,45,49.9,241,242,42.21,65,89,40.82,20,29,50,19,19,56.52,39,30,49.32,108,111,54.1,33,28,32,8,17,59.09,26,18,61.64,45,28,42.03,87,120,40,32,48,33.33,9,18,-2,12
0,0,26,1,0,20,2017,20,25,46.25,47.92,47.3,66.67,2,1,62.5,10,6,44.44,12,15,54.55,6,5,80,4,1,61.54,24,15,53.05,113,100,48.23,218,234,52.17,60,55,52.11,37,34,38.89,7,11,48.78,40,42,49.5,100,102,51.92,27,25,34.38,11,21,36.84,7,12,52.89,64,57,50,131,131,46.15,36,42,40,16,24,6,0
0,2,12,0,0,21,2017,20,21,51.58,52.02,51.95,66.67,4,2,57.14,8,6,57.14,16,12,63.64,7,4,87.5,7,1,50,7,7,50.59,86,84,54.09,251,213,55.95,47,37,44.29,31,39,50,2,2,53.13,34,30,56.73,97,74,42.11,16,22,38.89,14,22,33.33,3,6,56,42,33,47.89,125,136,60.87,28,18,30.91,17,38,17,71
0,2,21,1,0,22,2017,20,27,51.47,52.93,51.63,0,0,5,75,9,3,56.25,18,14,50,12,12,50,4,4,45.45,20,24,52.89,64,57,50.23,220,218,43.03,105,139,39.68,25,38,76.47,13,4,52.27,23,21,50,82,82,48,48,52,37.04,10,17,66.67,18,9,51.52,34,32,52.05,114,105,36.07,44,78,44.44,12,15,5,-27
1,3,27,1,0,23,2017,20,23,53.39,54.15,55.02,40,4,6,41.67,5,7,51.85,14,13,55.56,10,8,25,1,3,55.56,25,20,55.47,142,114,50.68,111,108,40.94,52,75,51.67,62,58,53.33,16,14,59.13,68,47,55.24,58,47,62.5,35,21,58.46,38,27,52.5,21,19,49.17,89,92,48.39,75,80,52.83,56,50,43.68,38,49,-3,54
1,1,3,1,0,24,2017,20,25,52.09,53.07,53.45,50,2,2,66.67,6,3,70.97,22,9,56.52,13,10,54.55,6,5,50,11,11,49.24,65,67,52.12,172,158,48.36,118,126,41.32,69,98,66.67,4,2,60.87,28,18,40.8,51,74,40,40,60,41.03,32,46,57.89,11,8,54.55,30,25,50,88,88,52.21,71,65,25,23,69,20,-29
0,0,17,0,0,25,2017,20,25,50.86,51.38,51.73,40,2,3,61.11,11,7,44.44,16,20,46.15,6,7,87.5,7,1,50,25,25,58.96,79,55,48.41,259,276,40.38,42,62,31.67,19,41,80,12,3,47.54,29,32,54.27,127,107,48.72,19,20,26.67,8,22,62.5,15,9,74.6,47,16,52.42,130,118,50,32,32,12.5,3,21,4,3
0,0,18,1,0,26,2017,20,20,50.79,49.44,48.38,0,0,5,75,9,3,51.72,15,14,70,14,6,38.46,5,8,51.02,25,24,50.43,58,57,45.92,163,192,41.63,87,122,42.99,46,61,51.52,17,16,65.08,41,22,53.37,111,97,52.33,45,41,42.59,23,31,82.61,19,4,59.26,32,22,55.77,116,92,45.68,37,44,46.94,23,26,7,-26
1,3,6,0,0,27,2017,20,18,49.34,49.02,49.46,44.44,4,5,35,7,13,28.57,8,20,50,5,5,60,3,2,48.55,84,89,53.85,112,96,44.76,158,195,32.94,28,57,31.11,14,31,46.15,36,42,58.62,34,24,46.03,58,68,26.32,10,28,25,5,15,56.7,55,42,65.69,67,35,48.67,73,77,34.78,16,30,24,6,19,-18,-68
1,1,15,0,0,28,2017,20,20,47.51,46.67,46.07,40,2,3,71.43,10,4,50,17,17,47.37,9,10,50,5,5,46.55,27,31,57.31,98,73,50.58,174,170,44.95,89,109,39.66,23,35,64.71,11,6,56.45,35,27,50.33,77,76,48.81,41,43,43.75,7,9,50,11,11,58.82,40,28,43.02,74,98,39,39,61,26.92,7,19,4,16
0,2,7,1,0,29,2017,20,28,51.77,50.87,51.26,33.33,2,4,42.86,3,4,65.22,15,8,50,10,10,40,4,6,64.91,37,20,67.24,39,19,53.92,213,182,49.07,105,109,44.14,49,62,53.85,14,12,61.29,19,12,53.76,93,80,45.05,41,50,35,14,26,67.74,21,10,42.5,17,23,57.01,122,92,46.6,48,55,39.22,20,31,2,58
